The Shawshank Redemption,Frank Darabont,USA,1994,9.3,2219407,28699976,28786657,https://www.imdb.com/title/tt0111161/?pf_rd_m=A2FGELUUNOQJNL&pf_rd_p=e31d89dd-322d-4646-8962-327b42fe94b1&pf_rd_r=S1672Y39C3CNWK1KWVA3&pf_rd_s=center-1&pf_rd_t=15506&pf_rd_i=top&ref_=chttp_tt_1
The Godfather,Francis Ford Coppola,USA,1972,9.2,1529280,134966411,246120974,https://www.imdb.com/title/tt0068646/?pf_rd_m=A2FGELUUNOQJNL&pf_rd_p=e31d89dd-322d-4646-8962-327b42fe94b1&pf_rd_r=S1672Y39C3CNWK1KWVA3&pf_rd_s=center-1&pf_rd_t=15506&pf_rd_i=top&ref_=chttp_tt_2
The Godfather: Part II,Francis Ford Coppola,USA,1974,9.0,1070747,47834595,48035783,https://www.imdb.com/title/tt0071562/?pf_rd_m=A2FGELUUNOQJNL&pf_rd_p=e31d89dd-322d-4646-8962-327b42fe94b1&pf_rd_r=S1672Y39C3CNWK1KWVA3&pf_rd_s=center-1&pf_rd_t=15506&pf_rd_i=top&ref_=chttp_tt_3
The Dark Knight,Christopher Nolan,USA,2008,9.0,2195219,535234033,1004934033,https://www.imdb.com/title/tt0468569/?pf_rd_m=A2FGELUUNOQJNL&pf_rd_p=e31d89dd-322d-4646-8962-327b42fe94b1&pf_rd_r=S1672Y39C3CNWK1KWVA3&pf_rd_s=center-1&pf_rd_t=15506&pf_rd_i=top&ref_=chttp_tt_4
12 Angry Men,Sidney Lumet,USA,1957,8.9,648534,,576,https://www.imdb.com/title/tt0050083/?pf_rd_m=A2FGELUUNOQJNL&pf_rd_p=e31d89dd-322d-4646-8962-327b42fe94b1&pf_rd_r=S1672Y39C3CNWK1KWVA3&pf_rd_s=center-1&pf_rd_t=15506&pf_rd_i=top&ref_=chttp_tt_5
Schindler's List,Steven Spielberg,USA,1993,8.9,1156314,96898818,322287794,https://www.imdb.com/title/tt0108052/?pf_rd_m=A2FGELUUNOQJNL&pf_rd_p=e31d89dd-322d-4646-8962-327b42fe94b1&pf_rd_r=S1672Y39C3CNWK1KWVA3&pf_rd_s=center-1&pf_rd_t=15506&pf_rd_i=top&ref_=chttp_tt_6
The Lord of the Rings: The Return of the King,Peter Jackson,New Zealand,2003,8.9,1573553,377845905,1142219401,https://www.imdb.com/title/tt0167260/?pf_rd_m=A2FGELUUNOQJNL&pf_rd_p=e31d89dd-322d-4646-8962-327b42fe94b1&pf_rd_r=S1672Y39C3CNWK1KWVA3&pf_rd_s=center-1&pf_rd_t=15506&pf_rd_i=top&ref_=chttp_tt_7
Pulp Fiction,Quentin Tarantino,USA,1994,8.9,1741574,107928762,214179088,https://www.imdb.com/title/tt0110912/?pf_rd_m=A2FGELUUNOQJNL&pf_rd_p=e31d89dd-322d-4646-8962-327b42fe94b1&pf_rd_r=S1672Y39C3CNWK1KWVA3&pf_rd_s=center-1&pf_rd_t=15506&pf_rd_i=top&ref_=chttp_tt_8
"The Good, the Bad and the Ugly",Sergio Leone,Italy,1966,8.8,656918,25100000,25252481,https://www.imdb.com/title/tt0060196/?pf_rd_m=A2FGELUUNOQJNL&pf_rd_p=e31d89dd-322d-4646-8962-327b42fe94b1&pf_rd_r=S1672Y39C3CNWK1KWVA3&pf_rd_s=center-1&pf_rd_t=15506&pf_rd_i=top&ref_=chttp_tt_9
The Lord of the Rings: The Fellowship of the Ring,Peter Jackson,New Zealand,2001,8.8,1586056,315544750,887832826,https://www.imdb.com/title/tt0120737/?pf_rd_m=A2FGELUUNOQJNL&pf_rd_p=e31d89dd-322d-4646-8962-327b42fe94b1&pf_rd_r=S1672Y39C3CNWK1KWVA3&pf_rd_s=center-1&pf_rd_t=15506&pf_rd_i=top&ref_=chttp_tt_10
Fight Club,David Fincher,USA,1999,8.8,1769666,37030102,101187503,https://www.imdb.com/title/tt0137523/?pf_rd_m=A2FGELUUNOQJNL&pf_rd_p=e31d89dd-322d-4646-8962-327b42fe94b1&pf_rd_r=S1672Y39C3CNWK1KWVA3&pf_rd_s=center-1&pf_rd_t=15506&pf_rd_i=top&ref_=chttp_tt_11
Forrest Gump,Robert Zemeckis,USA,1994,8.8,1712443,330455270,678222284,https://www.imdb.com/title/tt0109830/?pf_rd_m=A2FGELUUNOQJNL&pf_rd_p=e31d89dd-322d-4646-8962-327b42fe94b1&pf_rd_r=S1672Y39C3CNWK1KWVA3&pf_rd_s=center-1&pf_rd_t=15506&pf_rd_i=top&ref_=chttp_tt_12
Inception,Christopher Nolan,USA,2010,8.8,1946117,292576195,829895144,https://www.imdb.com/title/tt1375666/?pf_rd_m=A2FGELUUNOQJNL&pf_rd_p=e31d89dd-322d-4646-8962-327b42fe94b1&pf_rd_r=S1672Y39C3CNWK1KWVA3&pf_rd_s=center-1&pf_rd_t=15506&pf_rd_i=top&ref_=chttp_tt_13
Star Wars: Episode V - The Empire Strikes Back,Irvin Kershner,USA,1980,8.7,1110391,290271960,547897454,https://www.imdb.com/title/tt0080684/?pf_rd_m=A2FGELUUNOQJNL&pf_rd_p=e31d89dd-322d-4646-8962-327b42fe94b1&pf_rd_r=S1672Y39C3CNWK1KWVA3&pf_rd_s=center-1&pf_rd_t=15506&pf_rd_i=top&ref_=chttp_tt_14
The Lord of the Rings: The Two Towers,Peter Jackson,New Zealand,2002,8.7,1421076,342551365,951208089,https://www.imdb.com/title/tt0167261/?pf_rd_m=A2FGELUUNOQJNL&pf_rd_p=e31d89dd-322d-4646-8962-327b42fe94b1&pf_rd_r=S1672Y39C3CNWK1KWVA3&pf_rd_s=center-1&pf_rd_t=15506&pf_rd_i=top&ref_=chttp_tt_15
The Matrix,Lana Wachowski,USA,1999,8.7,1595331,171479930,465343787,https://www.imdb.com/title/tt0133093/?pf_rd_m=A2FGELUUNOQJNL&pf_rd_p=e31d89dd-322d-4646-8962-327b42fe94b1&pf_rd_r=S1672Y39C3CNWK1KWVA3&pf_rd_s=center-1&pf_rd_t=15506&pf_rd_i=top&ref_=chttp_tt_16
Goodfellas,Martin Scorsese,USA,1990,8.7,966032,46836214,46879633,https://www.imdb.com/title/tt0099685/?pf_rd_m=A2FGELUUNOQJNL&pf_rd_p=e31d89dd-322d-4646-8962-327b42fe94b1&pf_rd_r=S1672Y39C3CNWK1KWVA3&pf_rd_s=center-1&pf_rd_t=15506&pf_rd_i=top&ref_=chttp_tt_17
One Flew Over the Cuckoo's Nest,Milos Forman,USA,1975,8.7,873174,108981275,108997629,https://www.imdb.com/title/tt0073486/?pf_rd_m=A2FGELUUNOQJNL&pf_rd_p=e31d89dd-322d-4646-8962-327b42fe94b1&pf_rd_r=S1672Y39C3CNWK1KWVA3&pf_rd_s=center-1&pf_rd_t=15506&pf_rd_i=top&ref_=chttp_tt_18
Seven Samurai,Akira Kurosawa,Japan,1954,8.6,300217,318649,322773,https://www.imdb.com/title/tt0047478/?pf_rd_m=A2FGELUUNOQJNL&pf_rd_p=e31d89dd-322d-4646-8962-327b42fe94b1&pf_rd_r=S1672Y39C3CNWK1KWVA3&pf_rd_s=center-1&pf_rd_t=15506&pf_rd_i=top&ref_=chttp_tt_19
Se7en,David Fincher,USA,1995,8.6,1366874,100125643,327333559,https://www.imdb.com/title/tt0114369/?pf_rd_m=A2FGELUUNOQJNL&pf_rd_p=e31d89dd-322d-4646-8962-327b42fe94b1&pf_rd_r=S1672Y39C3CNWK1KWVA3&pf_rd_s=center-1&pf_rd_t=15506&pf_rd_i=top&ref_=chttp_tt_20
City of God,Fernando Meirelles,Brazil,2002,8.6,673459,7564459,30680793,https://www.imdb.com/title/tt0317248/?pf_rd_m=A2FGELUUNOQJNL&pf_rd_p=e31d89dd-322d-4646-8962-327b42fe94b1&pf_rd_r=S1672Y39C3CNWK1KWVA3&pf_rd_s=center-1&pf_rd_t=15506&pf_rd_i=top&ref_=chttp_tt_21
Life Is Beautiful,Roberto Benigni,Italy,1997,8.6,589662,57563264,230098753,https://www.imdb.com/title/tt0118799/?pf_rd_m=A2FGELUUNOQJNL&pf_rd_p=e31d89dd-322d-4646-8962-327b42fe94b1&pf_rd_r=S1672Y39C3CNWK1KWVA3&pf_rd_s=center-1&pf_rd_t=15506&pf_rd_i=top&ref_=chttp_tt_22
The Silence of the Lambs,Jonathan Demme,USA,1991,8.6,1203414,130742922,272753884,https://www.imdb.com/title/tt0102926/?pf_rd_m=A2FGELUUNOQJNL&pf_rd_p=e31d89dd-322d-4646-8962-327b42fe94b1&pf_rd_r=S1672Y39C3CNWK1KWVA3&pf_rd_s=center-1&pf_rd_t=15506&pf_rd_i=top&ref_=chttp_tt_23
It's a Wonderful Life,Frank Capra,USA,1946,8.6,379954,,6130720,https://www.imdb.com/title/tt0038650/?pf_rd_m=A2FGELUUNOQJNL&pf_rd_p=e31d89dd-322d-4646-8962-327b42fe94b1&pf_rd_r=S1672Y39C3CNWK1KWVA3&pf_rd_s=center-1&pf_rd_t=15506&pf_rd_i=top&ref_=chttp_tt_24
Star Wars: Episode IV - A New Hope,George Lucas,USA,1977,8.6,1182387,460998507,775512064,https://www.imdb.com/title/tt0076759/?pf_rd_m=A2FGELUUNOQJNL&pf_rd_p=e31d89dd-322d-4646-8962-327b42fe94b1&pf_rd_r=S1672Y39C3CNWK1KWVA3&pf_rd_s=center-1&pf_rd_t=15506&pf_rd_i=top&ref_=chttp_tt_25
Parasite,Bong Joon Ho,South Korea,2019,8.6,364918,53369749,254207199,https://www.imdb.com/title/tt6751668/?pf_rd_m=A2FGELUUNOQJNL&pf_rd_p=e31d89dd-322d-4646-8962-327b42fe94b1&pf_rd_r=S1672Y39C3CNWK1KWVA3&pf_rd_s=center-1&pf_rd_t=15506&pf_rd_i=top&ref_=chttp_tt_26
Saving Private Ryan,Steven Spielberg,USA,1998,8.6,1175970,217049603,482349603,https://www.imdb.com/title/tt0120815/?pf_rd_m=A2FGELUUNOQJNL&pf_rd_p=e31d89dd-322d-4646-8962-327b42fe94b1&pf_rd_r=S1672Y39C3CNWK1KWVA3&pf_rd_s=center-1&pf_rd_t=15506&pf_rd_i=top&ref_=chttp_tt_27
Spirited Away,Hayao Miyazaki,Japan,2001,8.6,602533,13750644,347742810,https://www.imdb.com/title/tt0245429/?pf_rd_m=A2FGELUUNOQJNL&pf_rd_p=e31d89dd-322d-4646-8962-327b42fe94b1&pf_rd_r=S1672Y39C3CNWK1KWVA3&pf_rd_s=center-1&pf_rd_t=15506&pf_rd_i=top&ref_=chttp_tt_28
The Green Mile,Frank Darabont,USA,1999,8.6,1082986,136801374,286801374,https://www.imdb.com/title/tt0120689/?pf_rd_m=A2FGELUUNOQJNL&pf_rd_p=e31d89dd-322d-4646-8962-327b42fe94b1&pf_rd_r=S1672Y39C3CNWK1KWVA3&pf_rd_s=center-1&pf_rd_t=15506&pf_rd_i=top&ref_=chttp_tt_29
Interstellar,Christopher Nolan,USA,2014,8.6,1397708,188020017,677471339,https://www.imdb.com/title/tt0816692/?pf_rd_m=A2FGELUUNOQJNL&pf_rd_p=e31d89dd-322d-4646-8962-327b42fe94b1&pf_rd_r=S1672Y39C3CNWK1KWVA3&pf_rd_s=center-1&pf_rd_t=15506&pf_rd_i=top&ref_=chttp_tt_30
Léon: The Professional,Luc Besson,France,1994,8.5,983461,19501238,19501238,https://www.imdb.com/title/tt0110413/?pf_rd_m=A2FGELUUNOQJNL&pf_rd_p=e31d89dd-322d-4646-8962-327b42fe94b1&pf_rd_r=S1672Y39C3CNWK1KWVA3&pf_rd_s=center-1&pf_rd_t=15506&pf_rd_i=top&ref_=chttp_tt_31
The Usual Suspects,Bryan Singer,USA,1995,8.5,948930,23341568,23341568,https://www.imdb.com/title/tt0114814/?pf_rd_m=A2FGELUUNOQJNL&pf_rd_p=e31d89dd-322d-4646-8962-327b42fe94b1&pf_rd_r=S1672Y39C3CNWK1KWVA3&pf_rd_s=center-1&pf_rd_t=15506&pf_rd_i=top&ref_=chttp_tt_32
Harakiri,Masaki Kobayashi,Japan,1962,8.7,32367,,15222,https://www.imdb.com/title/tt0056058/?pf_rd_m=A2FGELUUNOQJNL&pf_rd_p=e31d89dd-322d-4646-8962-327b42fe94b1&pf_rd_r=S1672Y39C3CNWK1KWVA3&pf_rd_s=center-1&pf_rd_t=15506&pf_rd_i=top&ref_=chttp_tt_33
The Lion King,Roger Allers,USA,1994,8.5,896738,422783777,968511805,https://www.imdb.com/title/tt0110357/?pf_rd_m=A2FGELUUNOQJNL&pf_rd_p=e31d89dd-322d-4646-8962-327b42fe94b1&pf_rd_r=S1672Y39C3CNWK1KWVA3&pf_rd_s=center-1&pf_rd_t=15506&pf_rd_i=top&ref_=chttp_tt_34
American History X,Tony Kaye,USA,1998,8.5,995451,6719864,23875127,https://www.imdb.com/title/tt0120586/?pf_rd_m=A2FGELUUNOQJNL&pf_rd_p=e31d89dd-322d-4646-8962-327b42fe94b1&pf_rd_r=S1672Y39C3CNWK1KWVA3&pf_rd_s=center-1&pf_rd_t=15506&pf_rd_i=top&ref_=chttp_tt_35
The Pianist,Roman Polanski,UK,2002,8.5,687836,32572577,120072577,https://www.imdb.com/title/tt0253474/?pf_rd_m=A2FGELUUNOQJNL&pf_rd_p=e31d89dd-322d-4646-8962-327b42fe94b1&pf_rd_r=S1672Y39C3CNWK1KWVA3&pf_rd_s=center-1&pf_rd_t=15506&pf_rd_i=top&ref_=chttp_tt_36
Terminator 2: Judgment Day,James Cameron,USA,1991,8.5,956811,205881154,520884847,https://www.imdb.com/title/tt0103064/?pf_rd_m=A2FGELUUNOQJNL&pf_rd_p=e31d89dd-322d-4646-8962-327b42fe94b1&pf_rd_r=S1672Y39C3CNWK1KWVA3&pf_rd_s=center-1&pf_rd_t=15506&pf_rd_i=top&ref_=chttp_tt_37
Back to the Future,Robert Zemeckis,USA,1985,8.5,992114,211159762,388355305,https://www.imdb.com/title/tt0088763/?pf_rd_m=A2FGELUUNOQJNL&pf_rd_p=e31d89dd-322d-4646-8962-327b42fe94b1&pf_rd_r=S1672Y39C3CNWK1KWVA3&pf_rd_s=center-1&pf_rd_t=15506&pf_rd_i=top&ref_=chttp_tt_38
Modern Times,Charles Chaplin,USA,1936,8.5,204650,163577,457688,https://www.imdb.com/title/tt0027977/?pf_rd_m=A2FGELUUNOQJNL&pf_rd_p=e31d89dd-322d-4646-8962-327b42fe94b1&pf_rd_r=S1672Y39C3CNWK1KWVA3&pf_rd_s=center-1&pf_rd_t=15506&pf_rd_i=top&ref_=chttp_tt_39
Psycho,Alfred Hitchcock,USA,1960,8.5,570231,32000000,32000000,https://www.imdb.com/title/tt0054215/?pf_rd_m=A2FGELUUNOQJNL&pf_rd_p=e31d89dd-322d-4646-8962-327b42fe94b1&pf_rd_r=S1672Y39C3CNWK1KWVA3&pf_rd_s=center-1&pf_rd_t=15506&pf_rd_i=top&ref_=chttp_tt_40
Gladiator,Ridley Scott,USA,2000,8.5,1279261,187705427,460583960,https://www.imdb.com/title/tt0172495/?pf_rd_m=A2FGELUUNOQJNL&pf_rd_p=e31d89dd-322d-4646-8962-327b42fe94b1&pf_rd_r=S1672Y39C3CNWK1KWVA3&pf_rd_s=center-1&pf_rd_t=15506&pf_rd_i=top&ref_=chttp_tt_41
City Lights,Charles Chaplin,USA,1931,8.5,157477,19181,46008,https://www.imdb.com/title/tt0021749/?pf_rd_m=A2FGELUUNOQJNL&pf_rd_p=e31d89dd-322d-4646-8962-327b42fe94b1&pf_rd_r=S1672Y39C3CNWK1KWVA3&pf_rd_s=center-1&pf_rd_t=15506&pf_rd_i=top&ref_=chttp_tt_42
The Intouchables,Olivier Nakache,France,2011,8.5,719416,10198820,426588510,https://www.imdb.com/title/tt1675434/?pf_rd_m=A2FGELUUNOQJNL&pf_rd_p=e31d89dd-322d-4646-8962-327b42fe94b1&pf_rd_r=S1672Y39C3CNWK1KWVA3&pf_rd_s=center-1&pf_rd_t=15506&pf_rd_i=top&ref_=chttp_tt_43
The Departed,Martin Scorsese,USA,2006,8.5,1133456,132384315,291465034,https://www.imdb.com/title/tt0407887/?pf_rd_m=A2FGELUUNOQJNL&pf_rd_p=e31d89dd-322d-4646-8962-327b42fe94b1&pf_rd_r=S1672Y39C3CNWK1KWVA3&pf_rd_s=center-1&pf_rd_t=15506&pf_rd_i=top&ref_=chttp_tt_44
Whiplash,Damien Chazelle,USA,2014,8.5,668148,13092000,48982041,https://www.imdb.com/title/tt2582802/?pf_rd_m=A2FGELUUNOQJNL&pf_rd_p=e31d89dd-322d-4646-8962-327b42fe94b1&pf_rd_r=S1672Y39C3CNWK1KWVA3&pf_rd_s=center-1&pf_rd_t=15506&pf_rd_i=top&ref_=chttp_tt_45
The Prestige,Christopher Nolan,USA,2006,8.5,1125218,53089891,109676311,https://www.imdb.com/title/tt0482571/?pf_rd_m=A2FGELUUNOQJNL&pf_rd_p=e31d89dd-322d-4646-8962-327b42fe94b1&pf_rd_r=S1672Y39C3CNWK1KWVA3&pf_rd_s=center-1&pf_rd_t=15506&pf_rd_i=top&ref_=chttp_tt_46
Once Upon a Time in the West,Sergio Leone,Italy,1968,8.5,287263,,112229,https://www.imdb.com/title/tt0064116/?pf_rd_m=A2FGELUUNOQJNL&pf_rd_p=e31d89dd-322d-4646-8962-327b42fe94b1&pf_rd_r=S1672Y39C3CNWK1KWVA3&pf_rd_s=center-1&pf_rd_t=15506&pf_rd_i=top&ref_=chttp_tt_47
Grave of the Fireflies,Isao Takahata,Japan,1988,8.5,215598,516962,516962,https://www.imdb.com/title/tt0095327/?pf_rd_m=A2FGELUUNOQJNL&pf_rd_p=e31d89dd-322d-4646-8962-327b42fe94b1&pf_rd_r=S1672Y39C3CNWK1KWVA3&pf_rd_s=center-1&pf_rd_t=15506&pf_rd_i=top&ref_=chttp_tt_48
Casablanca,Michael Curtiz,USA,1942,8.5,498963,4108411,4374761,https://www.imdb.com/title/tt0034583/?pf_rd_m=A2FGELUUNOQJNL&pf_rd_p=e31d89dd-322d-4646-8962-327b42fe94b1&pf_rd_r=S1672Y39C3CNWK1KWVA3&pf_rd_s=center-1&pf_rd_t=15506&pf_rd_i=top&ref_=chttp_tt_49
Joker,Todd Phillips,USA,2019,8.5,752351,335451311,1074251311,https://www.imdb.com/title/tt7286456/?pf_rd_m=A2FGELUUNOQJNL&pf_rd_p=e31d89dd-322d-4646-8962-327b42fe94b1&pf_rd_r=S1672Y39C3CNWK1KWVA3&pf_rd_s=center-1&pf_rd_t=15506&pf_rd_i=top&ref_=chttp_tt_50
Rear Window,Alfred Hitchcock,USA,1954,8.4,421453,36764313,37032034,https://www.imdb.com/title/tt0047396/?pf_rd_m=A2FGELUUNOQJNL&pf_rd_p=e31d89dd-322d-4646-8962-327b42fe94b1&pf_rd_r=S1672Y39C3CNWK1KWVA3&pf_rd_s=center-1&pf_rd_t=15506&pf_rd_i=top&ref_=chttp_tt_51
Cinema Paradiso,Giuseppe Tornatore,Italy,1988,8.5,215266,12397210,12645096,https://www.imdb.com/title/tt0095765/?pf_rd_m=A2FGELUUNOQJNL&pf_rd_p=e31d89dd-322d-4646-8962-327b42fe94b1&pf_rd_r=S1672Y39C3CNWK1KWVA3&pf_rd_s=center-1&pf_rd_t=15506&pf_rd_i=top&ref_=chttp_tt_52
Alien,Ridley Scott,UK,1979,8.4,751210,81765459,108283202,https://www.imdb.com/title/tt0078748/?pf_rd_m=A2FGELUUNOQJNL&pf_rd_p=e31d89dd-322d-4646-8962-327b42fe94b1&pf_rd_r=S1672Y39C3CNWK1KWVA3&pf_rd_s=center-1&pf_rd_t=15506&pf_rd_i=top&ref_=chttp_tt_53
Apocalypse Now,Francis Ford Coppola,USA,1979,8.4,577367,83471511,91968688,https://www.imdb.com/title/tt0078788/?pf_rd_m=A2FGELUUNOQJNL&pf_rd_p=e31d89dd-322d-4646-8962-327b42fe94b1&pf_rd_r=S1672Y39C3CNWK1KWVA3&pf_rd_s=center-1&pf_rd_t=15506&pf_rd_i=top&ref_=chttp_tt_54
Raiders of the Lost Ark,Steven Spielberg,USA,1981,8.4,848329,248159971,390133212,https://www.imdb.com/title/tt0082971/?pf_rd_m=A2FGELUUNOQJNL&pf_rd_p=e31d89dd-322d-4646-8962-327b42fe94b1&pf_rd_r=S1672Y39C3CNWK1KWVA3&pf_rd_s=center-1&pf_rd_t=15506&pf_rd_i=top&ref_=chttp_tt_55
Memento,Christopher Nolan,USA,2000,8.4,1075717,25544867,39723096,https://www.imdb.com/title/tt0209144/?pf_rd_m=A2FGELUUNOQJNL&pf_rd_p=e31d89dd-322d-4646-8962-327b42fe94b1&pf_rd_r=S1672Y39C3CNWK1KWVA3&pf_rd_s=center-1&pf_rd_t=15506&pf_rd_i=top&ref_=chttp_tt_56
The Great Dictator,Charles Chaplin,USA,1940,8.4,191891,,969879,https://www.imdb.com/title/tt0032553/?pf_rd_m=A2FGELUUNOQJNL&pf_rd_p=e31d89dd-322d-4646-8962-327b42fe94b1&pf_rd_r=S1672Y39C3CNWK1KWVA3&pf_rd_s=center-1&pf_rd_t=15506&pf_rd_i=top&ref_=chttp_tt_57
The Lives of Others,Florian Henckel von Donnersmarck,Germany,2006,8.4,341132,11286112,77356942,https://www.imdb.com/title/tt0405094/?pf_rd_m=A2FGELUUNOQJNL&pf_rd_p=e31d89dd-322d-4646-8962-327b42fe94b1&pf_rd_r=S1672Y39C3CNWK1KWVA3&pf_rd_s=center-1&pf_rd_t=15506&pf_rd_i=top&ref_=chttp_tt_58
Django Unchained,Quentin Tarantino,USA,2012,8.4,1284050,162805434,425368238,https://www.imdb.com/title/tt1853728/?pf_rd_m=A2FGELUUNOQJNL&pf_rd_p=e31d89dd-322d-4646-8962-327b42fe94b1&pf_rd_r=S1672Y39C3CNWK1KWVA3&pf_rd_s=center-1&pf_rd_t=15506&pf_rd_i=top&ref_=chttp_tt_59
Paths of Glory,Stanley Kubrick,USA,1957,8.4,167013,,5252,https://www.imdb.com/title/tt0050825/?pf_rd_m=A2FGELUUNOQJNL&pf_rd_p=e31d89dd-322d-4646-8962-327b42fe94b1&pf_rd_r=S1672Y39C3CNWK1KWVA3&pf_rd_s=center-1&pf_rd_t=15506&pf_rd_i=top&ref_=chttp_tt_60
The Shining,Stanley Kubrick,UK,1980,8.4,845225,45332952,46207205,https://www.imdb.com/title/tt0081505/?pf_rd_m=A2FGELUUNOQJNL&pf_rd_p=e31d89dd-322d-4646-8962-327b42fe94b1&pf_rd_r=S1672Y39C3CNWK1KWVA3&pf_rd_s=center-1&pf_rd_t=15506&pf_rd_i=top&ref_=chttp_tt_61
Avengers: Infinity War,Anthony Russo,USA,2018,8.5,762421,678815482,2048359754,https://www.imdb.com/title/tt4154756/?pf_rd_m=A2FGELUUNOQJNL&pf_rd_p=e31d89dd-322d-4646-8962-327b42fe94b1&pf_rd_r=S1672Y39C3CNWK1KWVA3&pf_rd_s=center-1&pf_rd_t=15506&pf_rd_i=top&ref_=chttp_tt_62
WALL·E,Andrew Stanton,USA,2008,8.4,954728,223808164,521311860,https://www.imdb.com/title/tt0910970/?pf_rd_m=A2FGELUUNOQJNL&pf_rd_p=e31d89dd-322d-4646-8962-327b42fe94b1&pf_rd_r=S1672Y39C3CNWK1KWVA3&pf_rd_s=center-1&pf_rd_t=15506&pf_rd_i=top&ref_=chttp_tt_63
Sunset Blvd.,Billy Wilder,USA,1950,8.4,190000,299645,299645,https://www.imdb.com/title/tt0043014/?pf_rd_m=A2FGELUUNOQJNL&pf_rd_p=e31d89dd-322d-4646-8962-327b42fe94b1&pf_rd_r=S1672Y39C3CNWK1KWVA3&pf_rd_s=center-1&pf_rd_t=15506&pf_rd_i=top&ref_=chttp_tt_64
Spider-Man: Into the Spider-Verse,Bob Persichetti,USA,2018,8.4,308951,190241310,375540831,https://www.imdb.com/title/tt4633694/?pf_rd_m=A2FGELUUNOQJNL&pf_rd_p=e31d89dd-322d-4646-8962-327b42fe94b1&pf_rd_r=S1672Y39C3CNWK1KWVA3&pf_rd_s=center-1&pf_rd_t=15506&pf_rd_i=top&ref_=chttp_tt_65
Princess Mononoke,Hayao Miyazaki,Japan,1997,8.4,317709,4845631,162112497,https://www.imdb.com/title/tt0119698/?pf_rd_m=A2FGELUUNOQJNL&pf_rd_p=e31d89dd-322d-4646-8962-327b42fe94b1&pf_rd_r=S1672Y39C3CNWK1KWVA3&pf_rd_s=center-1&pf_rd_t=15506&pf_rd_i=top&ref_=chttp_tt_66
Dr. Strangelove,Stanley Kubrick,UK,1964,8.4,432463,9440272,9443876,https://www.imdb.com/title/tt0057012/?pf_rd_m=A2FGELUUNOQJNL&pf_rd_p=e31d89dd-322d-4646-8962-327b42fe94b1&pf_rd_r=S1672Y39C3CNWK1KWVA3&pf_rd_s=center-1&pf_rd_t=15506&pf_rd_i=top&ref_=chttp_tt_67
Oldboy,Chan-wook Park,South Korea,2003,8.4,487525,707481,14999673,https://www.imdb.com/title/tt0364569/?pf_rd_m=A2FGELUUNOQJNL&pf_rd_p=e31d89dd-322d-4646-8962-327b42fe94b1&pf_rd_r=S1672Y39C3CNWK1KWVA3&pf_rd_s=center-1&pf_rd_t=15506&pf_rd_i=top&ref_=chttp_tt_68
Witness for the Prosecution,Billy Wilder,USA,1957,8.4,100219,,7693,https://www.imdb.com/title/tt0051201/?pf_rd_m=A2FGELUUNOQJNL&pf_rd_p=e31d89dd-322d-4646-8962-327b42fe94b1&pf_rd_r=S1672Y39C3CNWK1KWVA3&pf_rd_s=center-1&pf_rd_t=15506&pf_rd_i=top&ref_=chttp_tt_69
Avengers: Endgame,Anthony Russo,USA,2019,8.4,696594,858373000,2797800564,https://www.imdb.com/title/tt4154796/?pf_rd_m=A2FGELUUNOQJNL&pf_rd_p=e31d89dd-322d-4646-8962-327b42fe94b1&pf_rd_r=S1672Y39C3CNWK1KWVA3&pf_rd_s=center-1&pf_rd_t=15506&pf_rd_i=top&ref_=chttp_tt_70
The Dark Knight Rises,Christopher Nolan,UK,2012,8.4,1452353,448139099,1081041287,https://www.imdb.com/title/tt1345836/?pf_rd_m=A2FGELUUNOQJNL&pf_rd_p=e31d89dd-322d-4646-8962-327b42fe94b1&pf_rd_r=S1672Y39C3CNWK1KWVA3&pf_rd_s=center-1&pf_rd_t=15506&pf_rd_i=top&ref_=chttp_tt_71
Once Upon a Time in America,Sergio Leone,USA,1984,8.4,294281,5321508,5472914,https://www.imdb.com/title/tt0087843/?pf_rd_m=A2FGELUUNOQJNL&pf_rd_p=e31d89dd-322d-4646-8962-327b42fe94b1&pf_rd_r=S1672Y39C3CNWK1KWVA3&pf_rd_s=center-1&pf_rd_t=15506&pf_rd_i=top&ref_=chttp_tt_72
Aliens,James Cameron,USA,1986,8.3,627081,85160248,131335326,https://www.imdb.com/title/tt0090605/?pf_rd_m=A2FGELUUNOQJNL&pf_rd_p=e31d89dd-322d-4646-8962-327b42fe94b1&pf_rd_r=S1672Y39C3CNWK1KWVA3&pf_rd_s=center-1&pf_rd_t=15506&pf_rd_i=top&ref_=chttp_tt_73
Your Name.,Makoto Shinkai,Japan,2016,8.4,163988,5017246,358922706,https://www.imdb.com/title/tt5311514/?pf_rd_m=A2FGELUUNOQJNL&pf_rd_p=e31d89dd-322d-4646-8962-327b42fe94b1&pf_rd_r=S1672Y39C3CNWK1KWVA3&pf_rd_s=center-1&pf_rd_t=15506&pf_rd_i=top&ref_=chttp_tt_74
Coco,Lee Unkrich,USA,2017,8.4,331120,209726015,807082196,https://www.imdb.com/title/tt2380307/?pf_rd_m=A2FGELUUNOQJNL&pf_rd_p=e31d89dd-322d-4646-8962-327b42fe94b1&pf_rd_r=S1672Y39C3CNWK1KWVA3&pf_rd_s=center-1&pf_rd_t=15506&pf_rd_i=top&ref_=chttp_tt_75
American Beauty,Sam Mendes,USA,1999,8.3,1030966,130096601,356296601,https://www.imdb.com/title/tt0169547/?pf_rd_m=A2FGELUUNOQJNL&pf_rd_p=e31d89dd-322d-4646-8962-327b42fe94b1&pf_rd_r=S1672Y39C3CNWK1KWVA3&pf_rd_s=center-1&pf_rd_t=15506&pf_rd_i=top&ref_=chttp_tt_76
1917,Sam Mendes,USA,2019,8.4,276526,159227644,368027644,https://www.imdb.com/title/tt8579674/?pf_rd_m=A2FGELUUNOQJNL&pf_rd_p=e31d89dd-322d-4646-8962-327b42fe94b1&pf_rd_r=S1672Y39C3CNWK1KWVA3&pf_rd_s=center-1&pf_rd_t=15506&pf_rd_i=top&ref_=chttp_tt_77
Braveheart,Mel Gibson,USA,1995,8.3,926713,75609945,213216216,https://www.imdb.com/title/tt0112573/?pf_rd_m=A2FGELUUNOQJNL&pf_rd_p=e31d89dd-322d-4646-8962-327b42fe94b1&pf_rd_r=S1672Y39C3CNWK1KWVA3&pf_rd_s=center-1&pf_rd_t=15506&pf_rd_i=top&ref_=chttp_tt_78
Das Boot,Wolfgang Petersen,West Germany,1981,8.3,221065,11487676,11487676,https://www.imdb.com/title/tt0082096/?pf_rd_m=A2FGELUUNOQJNL&pf_rd_p=e31d89dd-322d-4646-8962-327b42fe94b1&pf_rd_r=S1672Y39C3CNWK1KWVA3&pf_rd_s=center-1&pf_rd_t=15506&pf_rd_i=top&ref_=chttp_tt_79
3 Idiots,Rajkumar Hirani,India,2009,8.4,320987,6532874,60262836,https://www.imdb.com/title/tt1187043/?pf_rd_m=A2FGELUUNOQJNL&pf_rd_p=e31d89dd-322d-4646-8962-327b42fe94b1&pf_rd_r=S1672Y39C3CNWK1KWVA3&pf_rd_s=center-1&pf_rd_t=15506&pf_rd_i=top&ref_=chttp_tt_80
High and Low,Akira Kurosawa,Japan,1963,8.5,27671,46808,46808,https://www.imdb.com/title/tt0057565/?pf_rd_m=A2FGELUUNOQJNL&pf_rd_p=e31d89dd-322d-4646-8962-327b42fe94b1&pf_rd_r=S1672Y39C3CNWK1KWVA3&pf_rd_s=center-1&pf_rd_t=15506&pf_rd_i=top&ref_=chttp_tt_81
Toy Story,John Lasseter,USA,1995,8.3,845861,222498679,404265438,https://www.imdb.com/title/tt0114709/?pf_rd_m=A2FGELUUNOQJNL&pf_rd_p=e31d89dd-322d-4646-8962-327b42fe94b1&pf_rd_r=S1672Y39C3CNWK1KWVA3&pf_rd_s=center-1&pf_rd_t=15506&pf_rd_i=top&ref_=chttp_tt_82
Taare Zameen Par,Aamir Khan,India,2007,8.4,154597,1223869,21897373,https://www.imdb.com/title/tt0986264/?pf_rd_m=A2FGELUUNOQJNL&pf_rd_p=e31d89dd-322d-4646-8962-327b42fe94b1&pf_rd_r=S1672Y39C3CNWK1KWVA3&pf_rd_s=center-1&pf_rd_t=15506&pf_rd_i=top&ref_=chttp_tt_83
Star Wars: Episode VI - Return of the Jedi,Richard Marquand,USA,1983,8.3,910362,309306177,475347111,https://www.imdb.com/title/tt0086190/?pf_rd_m=A2FGELUUNOQJNL&pf_rd_p=e31d89dd-322d-4646-8962-327b42fe94b1&pf_rd_r=S1672Y39C3CNWK1KWVA3&pf_rd_s=center-1&pf_rd_t=15506&pf_rd_i=top&ref_=chttp_tt_84
Amadeus,Milos Forman,USA,1984,8.3,353571,51973029,52066791,https://www.imdb.com/title/tt0086879/?pf_rd_m=A2FGELUUNOQJNL&pf_rd_p=e31d89dd-322d-4646-8962-327b42fe94b1&pf_rd_r=S1672Y39C3CNWK1KWVA3&pf_rd_s=center-1&pf_rd_t=15506&pf_rd_i=top&ref_=chttp_tt_85
Reservoir Dogs,Quentin Tarantino,USA,1992,8.3,876990,2832029,2859750,https://www.imdb.com/title/tt0105236/?pf_rd_m=A2FGELUUNOQJNL&pf_rd_p=e31d89dd-322d-4646-8962-327b42fe94b1&pf_rd_r=S1672Y39C3CNWK1KWVA3&pf_rd_s=center-1&pf_rd_t=15506&pf_rd_i=top&ref_=chttp_tt_86
Inglourious Basterds,Quentin Tarantino,Germany,2009,8.3,1198012,120540719,321455689,https://www.imdb.com/title/tt0361748/?pf_rd_m=A2FGELUUNOQJNL&pf_rd_p=e31d89dd-322d-4646-8962-327b42fe94b1&pf_rd_r=S1672Y39C3CNWK1KWVA3&pf_rd_s=center-1&pf_rd_t=15506&pf_rd_i=top&ref_=chttp_tt_87
Good Will Hunting,Gus Van Sant,USA,1997,8.3,815306,138433435,225933435,https://www.imdb.com/title/tt0119217/?pf_rd_m=A2FGELUUNOQJNL&pf_rd_p=e31d89dd-322d-4646-8962-327b42fe94b1&pf_rd_r=S1672Y39C3CNWK1KWVA3&pf_rd_s=center-1&pf_rd_t=15506&pf_rd_i=top&ref_=chttp_tt_88
2001: A Space Odyssey,Stanley Kubrick,USA,1968,8.3,573315,60541301,68766362,https://www.imdb.com/title/tt0062622/?pf_rd_m=A2FGELUUNOQJNL&pf_rd_p=e31d89dd-322d-4646-8962-327b42fe94b1&pf_rd_r=S1672Y39C3CNWK1KWVA3&pf_rd_s=center-1&pf_rd_t=15506&pf_rd_i=top&ref_=chttp_tt_89
Requiem for a Dream,Darren Aronofsky,USA,2000,8.3,733297,3635482,7390108,https://www.imdb.com/title/tt0180093/?pf_rd_m=A2FGELUUNOQJNL&pf_rd_p=e31d89dd-322d-4646-8962-327b42fe94b1&pf_rd_r=S1672Y39C3CNWK1KWVA3&pf_rd_s=center-1&pf_rd_t=15506&pf_rd_i=top&ref_=chttp_tt_90
Vertigo,Alfred Hitchcock,USA,1958,8.3,340963,7705225,7796389,https://www.imdb.com/title/tt0052357/?pf_rd_m=A2FGELUUNOQJNL&pf_rd_p=e31d89dd-322d-4646-8962-327b42fe94b1&pf_rd_r=S1672Y39C3CNWK1KWVA3&pf_rd_s=center-1&pf_rd_t=15506&pf_rd_i=top&ref_=chttp_tt_91
M,Fritz Lang,Germany,1931,8.3,135433,35566,35566,https://www.imdb.com/title/tt0022100/?pf_rd_m=A2FGELUUNOQJNL&pf_rd_p=e31d89dd-322d-4646-8962-327b42fe94b1&pf_rd_r=S1672Y39C3CNWK1KWVA3&pf_rd_s=center-1&pf_rd_t=15506&pf_rd_i=top&ref_=chttp_tt_92
Dangal,Nitesh Tiwari,India,2016,8.4,139152,12391761,303723636,https://www.imdb.com/title/tt5074352/?pf_rd_m=A2FGELUUNOQJNL&pf_rd_p=e31d89dd-322d-4646-8962-327b42fe94b1&pf_rd_r=S1672Y39C3CNWK1KWVA3&pf_rd_s=center-1&pf_rd_t=15506&pf_rd_i=top&ref_=chttp_tt_93
Eternal Sunshine of the Spotless Mind,Michel Gondry,USA,2004,8.3,868070,34400301,74036715,https://www.imdb.com/title/tt0338013/?pf_rd_m=A2FGELUUNOQJNL&pf_rd_p=e31d89dd-322d-4646-8962-327b42fe94b1&pf_rd_r=S1672Y39C3CNWK1KWVA3&pf_rd_s=center-1&pf_rd_t=15506&pf_rd_i=top&ref_=chttp_tt_94
Citizen Kane,Orson Welles,USA,1941,8.3,380378,1585634,1594107,https://www.imdb.com/title/tt0033467/?pf_rd_m=A2FGELUUNOQJNL&pf_rd_p=e31d89dd-322d-4646-8962-327b42fe94b1&pf_rd_r=S1672Y39C3CNWK1KWVA3&pf_rd_s=center-1&pf_rd_t=15506&pf_rd_i=top&ref_=chttp_tt_95
The Hunt,Thomas Vinterberg,Denmark,2012,8.3,260425,613308,17230506,https://www.imdb.com/title/tt2106476/?pf_rd_m=A2FGELUUNOQJNL&pf_rd_p=e31d89dd-322d-4646-8962-327b42fe94b1&pf_rd_r=S1672Y39C3CNWK1KWVA3&pf_rd_s=center-1&pf_rd_t=15506&pf_rd_i=top&ref_=chttp_tt_96
Full Metal Jacket,Stanley Kubrick,UK,1987,8.3,643175,46357676,46357676,https://www.imdb.com/title/tt0093058/?pf_rd_m=A2FGELUUNOQJNL&pf_rd_p=e31d89dd-322d-4646-8962-327b42fe94b1&pf_rd_r=S1672Y39C3CNWK1KWVA3&pf_rd_s=center-1&pf_rd_t=15506&pf_rd_i=top&ref_=chttp_tt_97
North by Northwest,Alfred Hitchcock,USA,1959,8.3,284913,,71534,https://www.imdb.com/title/tt0053125/?pf_rd_m=A2FGELUUNOQJNL&pf_rd_p=e31d89dd-322d-4646-8962-327b42fe94b1&pf_rd_r=S1672Y39C3CNWK1KWVA3&pf_rd_s=center-1&pf_rd_t=15506&pf_rd_i=top&ref_=chttp_tt_98
Capharnaüm,Nadine Labaki,Lebanon,2018,8.4,43086,1661096,64413178,https://www.imdb.com/title/tt8267604/?pf_rd_m=A2FGELUUNOQJNL&pf_rd_p=e31d89dd-322d-4646-8962-327b42fe94b1&pf_rd_r=S1672Y39C3CNWK1KWVA3&pf_rd_s=center-1&pf_rd_t=15506&pf_rd_i=top&ref_=chttp_tt_99
A Clockwork Orange,Stanley Kubrick,UK,1971,8.3,724799,26589355,26903440,https://www.imdb.com/title/tt0066921/?pf_rd_m=A2FGELUUNOQJNL&pf_rd_p=e31d89dd-322d-4646-8962-327b42fe94b1&pf_rd_r=S1672Y39C3CNWK1KWVA3&pf_rd_s=center-1&pf_rd_t=15506&pf_rd_i=top&ref_=chttp_tt_100
Snatch,Guy Ritchie,UK,2000,8.3,751857,30328156,83557872,https://www.imdb.com/title/tt0208092/?pf_rd_m=A2FGELUUNOQJNL&pf_rd_p=e31d89dd-322d-4646-8962-327b42fe94b1&pf_rd_r=S1672Y39C3CNWK1KWVA3&pf_rd_s=center-1&pf_rd_t=15506&pf_rd_i=top&ref_=chttp_tt_101
The Kid,Charles Chaplin,USA,1921,8.3,105186,,26916,https://www.imdb.com/title/tt0012349/?pf_rd_m=A2FGELUUNOQJNL&pf_rd_p=e31d89dd-322d-4646-8962-327b42fe94b1&pf_rd_r=S1672Y39C3CNWK1KWVA3&pf_rd_s=center-1&pf_rd_t=15506&pf_rd_i=top&ref_=chttp_tt_102
Bicycle Thieves,Vittorio De Sica,Italy,1948,8.3,136544,371111,428978,https://www.imdb.com/title/tt0040522/?pf_rd_m=A2FGELUUNOQJNL&pf_rd_p=e31d89dd-322d-4646-8962-327b42fe94b1&pf_rd_r=S1672Y39C3CNWK1KWVA3&pf_rd_s=center-1&pf_rd_t=15506&pf_rd_i=top&ref_=chttp_tt_103
Singin' in the Rain,Stanley Donen,USA,1952,8.3,207793,1826108,1864182,https://www.imdb.com/title/tt0045152/?pf_rd_m=A2FGELUUNOQJNL&pf_rd_p=e31d89dd-322d-4646-8962-327b42fe94b1&pf_rd_r=S1672Y39C3CNWK1KWVA3&pf_rd_s=center-1&pf_rd_t=15506&pf_rd_i=top&ref_=chttp_tt_104
Scarface,Brian De Palma,USA,1983,8.3,702832,45408703,66023329,https://www.imdb.com/title/tt0086250/?pf_rd_m=A2FGELUUNOQJNL&pf_rd_p=e31d89dd-322d-4646-8962-327b42fe94b1&pf_rd_r=S1672Y39C3CNWK1KWVA3&pf_rd_s=center-1&pf_rd_t=15506&pf_rd_i=top&ref_=chttp_tt_105
Taxi Driver,Martin Scorsese,USA,1976,8.3,683742,28262574,28441292,https://www.imdb.com/title/tt0075314/?pf_rd_m=A2FGELUUNOQJNL&pf_rd_p=e31d89dd-322d-4646-8962-327b42fe94b1&pf_rd_r=S1672Y39C3CNWK1KWVA3&pf_rd_s=center-1&pf_rd_t=15506&pf_rd_i=top&ref_=chttp_tt_106
Amélie,Jean-Pierre Jeunet,France,2001,8.3,678628,33225499,173924742,https://www.imdb.com/title/tt0211915/?pf_rd_m=A2FGELUUNOQJNL&pf_rd_p=e31d89dd-322d-4646-8962-327b42fe94b1&pf_rd_r=S1672Y39C3CNWK1KWVA3&pf_rd_s=center-1&pf_rd_t=15506&pf_rd_i=top&ref_=chttp_tt_107
Lawrence of Arabia,David Lean,UK,1962,8.3,255053,45306425,45710874,https://www.imdb.com/title/tt0056172/?pf_rd_m=A2FGELUUNOQJNL&pf_rd_p=e31d89dd-322d-4646-8962-327b42fe94b1&pf_rd_r=S1672Y39C3CNWK1KWVA3&pf_rd_s=center-1&pf_rd_t=15506&pf_rd_i=top&ref_=chttp_tt_108
The Sting,George Roy Hill,USA,1973,8.3,231045,156000000,156000000,https://www.imdb.com/title/tt0070735/?pf_rd_m=A2FGELUUNOQJNL&pf_rd_p=e31d89dd-322d-4646-8962-327b42fe94b1&pf_rd_r=S1672Y39C3CNWK1KWVA3&pf_rd_s=center-1&pf_rd_t=15506&pf_rd_i=top&ref_=chttp_tt_109
Toy Story 3,Lee Unkrich,USA,2010,8.3,725309,415004880,1066969703,https://www.imdb.com/title/tt0435761/?pf_rd_m=A2FGELUUNOQJNL&pf_rd_p=e31d89dd-322d-4646-8962-327b42fe94b1&pf_rd_r=S1672Y39C3CNWK1KWVA3&pf_rd_s=center-1&pf_rd_t=15506&pf_rd_i=top&ref_=chttp_tt_110
Metropolis,Fritz Lang,Germany,1927,8.3,152209,1236166,1349711,https://www.imdb.com/title/tt0017136/?pf_rd_m=A2FGELUUNOQJNL&pf_rd_p=e31d89dd-322d-4646-8962-327b42fe94b1&pf_rd_r=S1672Y39C3CNWK1KWVA3&pf_rd_s=center-1&pf_rd_t=15506&pf_rd_i=top&ref_=chttp_tt_111
Ikiru,Akira Kurosawa,Japan,1952,8.3,62720,60239,90773,https://www.imdb.com/title/tt0044741/?pf_rd_m=A2FGELUUNOQJNL&pf_rd_p=e31d89dd-322d-4646-8962-327b42fe94b1&pf_rd_r=S1672Y39C3CNWK1KWVA3&pf_rd_s=center-1&pf_rd_t=15506&pf_rd_i=top&ref_=chttp_tt_112
For a Few Dollars More,Sergio Leone,Italy,1965,8.3,219533,15000000,15000000,https://www.imdb.com/title/tt0059578/?pf_rd_m=A2FGELUUNOQJNL&pf_rd_p=e31d89dd-322d-4646-8962-327b42fe94b1&pf_rd_r=S1672Y39C3CNWK1KWVA3&pf_rd_s=center-1&pf_rd_t=15506&pf_rd_i=top&ref_=chttp_tt_113
A Separation,Asghar Farhadi,Iran,2011,8.3,208852,7099055,22926076,https://www.imdb.com/title/tt1832382/?pf_rd_m=A2FGELUUNOQJNL&pf_rd_p=e31d89dd-322d-4646-8962-327b42fe94b1&pf_rd_r=S1672Y39C3CNWK1KWVA3&pf_rd_s=center-1&pf_rd_t=15506&pf_rd_i=top&ref_=chttp_tt_114
Double Indemnity,Billy Wilder,USA,1944,8.3,135585,,13886,https://www.imdb.com/title/tt0036775/?pf_rd_m=A2FGELUUNOQJNL&pf_rd_p=e31d89dd-322d-4646-8962-327b42fe94b1&pf_rd_r=S1672Y39C3CNWK1KWVA3&pf_rd_s=center-1&pf_rd_t=15506&pf_rd_i=top&ref_=chttp_tt_115
The Apartment,Billy Wilder,USA,1960,8.3,153983,,177066,https://www.imdb.com/title/tt0053604/?pf_rd_m=A2FGELUUNOQJNL&pf_rd_p=e31d89dd-322d-4646-8962-327b42fe94b1&pf_rd_r=S1672Y39C3CNWK1KWVA3&pf_rd_s=center-1&pf_rd_t=15506&pf_rd_i=top&ref_=chttp_tt_116
To Kill a Mockingbird,Robert Mulligan,USA,1962,8.2,283620,592237,599146,https://www.imdb.com/title/tt0056592/?pf_rd_m=A2FGELUUNOQJNL&pf_rd_p=e31d89dd-322d-4646-8962-327b42fe94b1&pf_rd_r=S1672Y39C3CNWK1KWVA3&pf_rd_s=center-1&pf_rd_t=15506&pf_rd_i=top&ref_=chttp_tt_117
Incendies,Denis Villeneuve,Canada,2010,8.3,135454,2071334,7099598,https://www.imdb.com/title/tt1255953/?pf_rd_m=A2FGELUUNOQJNL&pf_rd_p=e31d89dd-322d-4646-8962-327b42fe94b1&pf_rd_r=S1672Y39C3CNWK1KWVA3&pf_rd_s=center-1&pf_rd_t=15506&pf_rd_i=top&ref_=chttp_tt_118
Indiana Jones and the Last Crusade,Steven Spielberg,USA,1989,8.2,663356,197171806,474310887,https://www.imdb.com/title/tt0097576/?pf_rd_m=A2FGELUUNOQJNL&pf_rd_p=e31d89dd-322d-4646-8962-327b42fe94b1&pf_rd_r=S1672Y39C3CNWK1KWVA3&pf_rd_s=center-1&pf_rd_t=15506&pf_rd_i=top&ref_=chttp_tt_119
Up,Pete Docter,USA,2009,8.2,892275,293004164,735099082,https://www.imdb.com/title/tt1049413/?pf_rd_m=A2FGELUUNOQJNL&pf_rd_p=e31d89dd-322d-4646-8962-327b42fe94b1&pf_rd_r=S1672Y39C3CNWK1KWVA3&pf_rd_s=center-1&pf_rd_t=15506&pf_rd_i=top&ref_=chttp_tt_120
L.A. Confidential,Curtis Hanson,USA,1997,8.2,512328,64616940,126216940,https://www.imdb.com/title/tt0119488/?pf_rd_m=A2FGELUUNOQJNL&pf_rd_p=e31d89dd-322d-4646-8962-327b42fe94b1&pf_rd_r=S1672Y39C3CNWK1KWVA3&pf_rd_s=center-1&pf_rd_t=15506&pf_rd_i=top&ref_=chttp_tt_121
Monty Python and the Holy Grail,Terry Gilliam,UK,1975,8.2,482487,1827696,1938877,https://www.imdb.com/title/tt0071853/?pf_rd_m=A2FGELUUNOQJNL&pf_rd_p=e31d89dd-322d-4646-8962-327b42fe94b1&pf_rd_r=S1672Y39C3CNWK1KWVA3&pf_rd_s=center-1&pf_rd_t=15506&pf_rd_i=top&ref_=chttp_tt_122
Heat,Michael Mann,USA,1995,8.2,549295,67436818,187436818,https://www.imdb.com/title/tt0113277/?pf_rd_m=A2FGELUUNOQJNL&pf_rd_p=e31d89dd-322d-4646-8962-327b42fe94b1&pf_rd_r=S1672Y39C3CNWK1KWVA3&pf_rd_s=center-1&pf_rd_t=15506&pf_rd_i=top&ref_=chttp_tt_123
Rashômon,Akira Kurosawa,Japan,1950,8.2,143609,46808,46808,https://www.imdb.com/title/tt0042876/?pf_rd_m=A2FGELUUNOQJNL&pf_rd_p=e31d89dd-322d-4646-8962-327b42fe94b1&pf_rd_r=S1672Y39C3CNWK1KWVA3&pf_rd_s=center-1&pf_rd_t=15506&pf_rd_i=top&ref_=chttp_tt_124
Die Hard,John McTiernan,USA,1988,8.2,754595,83519093,141482154,https://www.imdb.com/title/tt0095016/?pf_rd_m=A2FGELUUNOQJNL&pf_rd_p=e31d89dd-322d-4646-8962-327b42fe94b1&pf_rd_r=S1672Y39C3CNWK1KWVA3&pf_rd_s=center-1&pf_rd_t=15506&pf_rd_i=top&ref_=chttp_tt_125
Yojimbo,Akira Kurosawa,Japan,1961,8.2,104018,46808,46808,https://www.imdb.com/title/tt0055630/?pf_rd_m=A2FGELUUNOQJNL&pf_rd_p=e31d89dd-322d-4646-8962-327b42fe94b1&pf_rd_r=S1672Y39C3CNWK1KWVA3&pf_rd_s=center-1&pf_rd_t=15506&pf_rd_i=top&ref_=chttp_tt_126
Batman Begins,Christopher Nolan,USA,2005,8.2,1252876,206852432,373413297,https://www.imdb.com/title/tt0372784/?pf_rd_m=A2FGELUUNOQJNL&pf_rd_p=e31d89dd-322d-4646-8962-327b42fe94b1&pf_rd_r=S1672Y39C3CNWK1KWVA3&pf_rd_s=center-1&pf_rd_t=15506&pf_rd_i=top&ref_=chttp_tt_127
Green Book,Peter Farrelly,USA,2018,8.2,310426,85080171,327909440,https://www.imdb.com/title/tt6966692/?pf_rd_m=A2FGELUUNOQJNL&pf_rd_p=e31d89dd-322d-4646-8962-327b42fe94b1&pf_rd_r=S1672Y39C3CNWK1KWVA3&pf_rd_s=center-1&pf_rd_t=15506&pf_rd_i=top&ref_=chttp_tt_128
Downfall,Oliver Hirschbiegel,Germany,2004,8.2,318317,5509040,92181574,https://www.imdb.com/title/tt0363163/?pf_rd_m=A2FGELUUNOQJNL&pf_rd_p=e31d89dd-322d-4646-8962-327b42fe94b1&pf_rd_r=S1672Y39C3CNWK1KWVA3&pf_rd_s=center-1&pf_rd_t=15506&pf_rd_i=top&ref_=chttp_tt_129
Unforgiven,Clint Eastwood,USA,1992,8.2,358381,101157447,159157447,https://www.imdb.com/title/tt0105695/?pf_rd_m=A2FGELUUNOQJNL&pf_rd_p=e31d89dd-322d-4646-8962-327b42fe94b1&pf_rd_r=S1672Y39C3CNWK1KWVA3&pf_rd_s=center-1&pf_rd_t=15506&pf_rd_i=top&ref_=chttp_tt_130
Children of Heaven,Majid Majidi,Iran,1997,8.3,59338,933933,933933,https://www.imdb.com/title/tt0118849/?pf_rd_m=A2FGELUUNOQJNL&pf_rd_p=e31d89dd-322d-4646-8962-327b42fe94b1&pf_rd_r=S1672Y39C3CNWK1KWVA3&pf_rd_s=center-1&pf_rd_t=15506&pf_rd_i=top&ref_=chttp_tt_131
Come and See,Elem Klimov,Soviet Union,1985,8.3,49410,71909,168817,https://www.imdb.com/title/tt0091251/?pf_rd_m=A2FGELUUNOQJNL&pf_rd_p=e31d89dd-322d-4646-8962-327b42fe94b1&pf_rd_r=S1672Y39C3CNWK1KWVA3&pf_rd_s=center-1&pf_rd_t=15506&pf_rd_i=top&ref_=chttp_tt_132
Some Like It Hot,Billy Wilder,USA,1959,8.2,232397,,83169282,https://www.imdb.com/title/tt0053291/?pf_rd_m=A2FGELUUNOQJNL&pf_rd_p=e31d89dd-322d-4646-8962-327b42fe94b1&pf_rd_r=S1672Y39C3CNWK1KWVA3&pf_rd_s=center-1&pf_rd_t=15506&pf_rd_i=top&ref_=chttp_tt_133
Howl's Moving Castle,Hayao Miyazaki,Japan,2004,8.2,303590,5576743,236212992,https://www.imdb.com/title/tt0347149/?pf_rd_m=A2FGELUUNOQJNL&pf_rd_p=e31d89dd-322d-4646-8962-327b42fe94b1&pf_rd_r=S1672Y39C3CNWK1KWVA3&pf_rd_s=center-1&pf_rd_t=15506&pf_rd_i=top&ref_=chttp_tt_134
Ran,Akira Kurosawa,Japan,1985,8.2,105090,4135750,4160924,https://www.imdb.com/title/tt0089881/?pf_rd_m=A2FGELUUNOQJNL&pf_rd_p=e31d89dd-322d-4646-8962-327b42fe94b1&pf_rd_r=S1672Y39C3CNWK1KWVA3&pf_rd_s=center-1&pf_rd_t=15506&pf_rd_i=top&ref_=chttp_tt_135
The Great Escape,John Sturges,USA,1963,8.2,214537,,227940,https://www.imdb.com/title/tt0057115/?pf_rd_m=A2FGELUUNOQJNL&pf_rd_p=e31d89dd-322d-4646-8962-327b42fe94b1&pf_rd_r=S1672Y39C3CNWK1KWVA3&pf_rd_s=center-1&pf_rd_t=15506&pf_rd_i=top&ref_=chttp_tt_136
All About Eve,Joseph L. Mankiewicz,USA,1950,8.2,114760,63463,150438,https://www.imdb.com/title/tt0042192/?pf_rd_m=A2FGELUUNOQJNL&pf_rd_p=e31d89dd-322d-4646-8962-327b42fe94b1&pf_rd_r=S1672Y39C3CNWK1KWVA3&pf_rd_s=center-1&pf_rd_t=15506&pf_rd_i=top&ref_=chttp_tt_137
A Beautiful Mind,Ron Howard,USA,2001,8.2,810196,170742341,316791257,https://www.imdb.com/title/tt0268978/?pf_rd_m=A2FGELUUNOQJNL&pf_rd_p=e31d89dd-322d-4646-8962-327b42fe94b1&pf_rd_r=S1672Y39C3CNWK1KWVA3&pf_rd_s=center-1&pf_rd_t=15506&pf_rd_i=top&ref_=chttp_tt_138
Casino,Martin Scorsese,France,1995,8.2,439866,42512375,116112375,https://www.imdb.com/title/tt0112641/?pf_rd_m=A2FGELUUNOQJNL&pf_rd_p=e31d89dd-322d-4646-8962-327b42fe94b1&pf_rd_r=S1672Y39C3CNWK1KWVA3&pf_rd_s=center-1&pf_rd_t=15506&pf_rd_i=top&ref_=chttp_tt_139
Pan's Labyrinth,Guillermo del Toro,Mexico,2006,8.2,595770,37634615,83850267,https://www.imdb.com/title/tt0457430/?pf_rd_m=A2FGELUUNOQJNL&pf_rd_p=e31d89dd-322d-4646-8962-327b42fe94b1&pf_rd_r=S1672Y39C3CNWK1KWVA3&pf_rd_s=center-1&pf_rd_t=15506&pf_rd_i=top&ref_=chttp_tt_140
My Neighbor Totoro,Hayao Miyazaki,Japan,1988,8.2,264559,2250213,30476708,https://www.imdb.com/title/tt0096283/?pf_rd_m=A2FGELUUNOQJNL&pf_rd_p=e31d89dd-322d-4646-8962-327b42fe94b1&pf_rd_r=S1672Y39C3CNWK1KWVA3&pf_rd_s=center-1&pf_rd_t=15506&pf_rd_i=top&ref_=chttp_tt_141
The Secret in Their Eyes,Juan José Campanella,Argentina,2009,8.2,182406,6391436,42629597,https://www.imdb.com/title/tt1305806/?pf_rd_m=A2FGELUUNOQJNL&pf_rd_p=e31d89dd-322d-4646-8962-327b42fe94b1&pf_rd_r=S1672Y39C3CNWK1KWVA3&pf_rd_s=center-1&pf_rd_t=15506&pf_rd_i=top&ref_=chttp_tt_142
Raging Bull,Martin Scorsese,USA,1980,8.2,306105,23383987,23402117,https://www.imdb.com/title/tt0081398/?pf_rd_m=A2FGELUUNOQJNL&pf_rd_p=e31d89dd-322d-4646-8962-327b42fe94b1&pf_rd_r=S1672Y39C3CNWK1KWVA3&pf_rd_s=center-1&pf_rd_t=15506&pf_rd_i=top&ref_=chttp_tt_143
"Lock, Stock and Two Smoking Barrels",Guy Ritchie,UK,1998,8.2,514225,3753929,3753929,https://www.imdb.com/title/tt0120735/?pf_rd_m=A2FGELUUNOQJNL&pf_rd_p=e31d89dd-322d-4646-8962-327b42fe94b1&pf_rd_r=S1672Y39C3CNWK1KWVA3&pf_rd_s=center-1&pf_rd_t=15506&pf_rd_i=top&ref_=chttp_tt_144
The Wolf of Wall Street,Martin Scorsese,USA,2013,8.2,1105328,116900694,392000694,https://www.imdb.com/title/tt0993846/?pf_rd_m=A2FGELUUNOQJNL&pf_rd_p=e31d89dd-322d-4646-8962-327b42fe94b1&pf_rd_r=S1672Y39C3CNWK1KWVA3&pf_rd_s=center-1&pf_rd_t=15506&pf_rd_i=top&ref_=chttp_tt_145
The Treasure of the Sierra Madre,John Huston,USA,1948,8.2,108604,215295,215295,https://www.imdb.com/title/tt0040897/?pf_rd_m=A2FGELUUNOQJNL&pf_rd_p=e31d89dd-322d-4646-8962-327b42fe94b1&pf_rd_r=S1672Y39C3CNWK1KWVA3&pf_rd_s=center-1&pf_rd_t=15506&pf_rd_i=top&ref_=chttp_tt_146
Judgment at Nuremberg,Stanley Kramer,USA,1961,8.2,65386,,12180,https://www.imdb.com/title/tt0055031/?pf_rd_m=A2FGELUUNOQJNL&pf_rd_p=e31d89dd-322d-4646-8962-327b42fe94b1&pf_rd_r=S1672Y39C3CNWK1KWVA3&pf_rd_s=center-1&pf_rd_t=15506&pf_rd_i=top&ref_=chttp_tt_147
There Will Be Blood,Paul Thomas Anderson,USA,2007,8.2,489249,40222514,76181545,https://www.imdb.com/title/tt0469494/?pf_rd_m=A2FGELUUNOQJNL&pf_rd_p=e31d89dd-322d-4646-8962-327b42fe94b1&pf_rd_r=S1672Y39C3CNWK1KWVA3&pf_rd_s=center-1&pf_rd_t=15506&pf_rd_i=top&ref_=chttp_tt_148
"Three Billboards Outside Ebbing, Missouri",Martin McDonagh,UK,2017,8.2,392216,54513740,160192031,https://www.imdb.com/title/tt5027774/?pf_rd_m=A2FGELUUNOQJNL&pf_rd_p=e31d89dd-322d-4646-8962-327b42fe94b1&pf_rd_r=S1672Y39C3CNWK1KWVA3&pf_rd_s=center-1&pf_rd_t=15506&pf_rd_i=top&ref_=chttp_tt_149
Babam ve Oglum,Çagan Irmak,Turkey,2005,8.3,73505,,18612999,https://www.imdb.com/title/tt0476735/?pf_rd_m=A2FGELUUNOQJNL&pf_rd_p=e31d89dd-322d-4646-8962-327b42fe94b1&pf_rd_r=S1672Y39C3CNWK1KWVA3&pf_rd_s=center-1&pf_rd_t=15506&pf_rd_i=top&ref_=chttp_tt_150
The Gold Rush,Charles Chaplin,USA,1925,8.2,94404,,26916,https://www.imdb.com/title/tt0015864/?pf_rd_m=A2FGELUUNOQJNL&pf_rd_p=e31d89dd-322d-4646-8962-327b42fe94b1&pf_rd_r=S1672Y39C3CNWK1KWVA3&pf_rd_s=center-1&pf_rd_t=15506&pf_rd_i=top&ref_=chttp_tt_151
Chinatown,Roman Polanski,USA,1974,8.2,279443,29200000,29225935,https://www.imdb.com/title/tt0071315/?pf_rd_m=A2FGELUUNOQJNL&pf_rd_p=e31d89dd-322d-4646-8962-327b42fe94b1&pf_rd_r=S1672Y39C3CNWK1KWVA3&pf_rd_s=center-1&pf_rd_t=15506&pf_rd_i=top&ref_=chttp_tt_152
Dial M for Murder,Alfred Hitchcock,USA,1954,8.2,148475,12562,18816,https://www.imdb.com/title/tt0046912/?pf_rd_m=A2FGELUUNOQJNL&pf_rd_p=e31d89dd-322d-4646-8962-327b42fe94b1&pf_rd_r=S1672Y39C3CNWK1KWVA3&pf_rd_s=center-1&pf_rd_t=15506&pf_rd_i=top&ref_=chttp_tt_153
V for Vendetta,James McTeigue,USA,2005,8.2,990009,70511035,132511035,https://www.imdb.com/title/tt0434409/?pf_rd_m=A2FGELUUNOQJNL&pf_rd_p=e31d89dd-322d-4646-8962-327b42fe94b1&pf_rd_r=S1672Y39C3CNWK1KWVA3&pf_rd_s=center-1&pf_rd_t=15506&pf_rd_i=top&ref_=chttp_tt_154
The Seventh Seal,Ingmar Bergman,Sweden,1957,8.2,153551,,230571,https://www.imdb.com/title/tt0050976/?pf_rd_m=A2FGELUUNOQJNL&pf_rd_p=e31d89dd-322d-4646-8962-327b42fe94b1&pf_rd_r=S1672Y39C3CNWK1KWVA3&pf_rd_s=center-1&pf_rd_t=15506&pf_rd_i=top&ref_=chttp_tt_155
Inside Out,Pete Docter,USA,2015,8.2,575719,356461711,857611174,https://www.imdb.com/title/tt2096673/?pf_rd_m=A2FGELUUNOQJNL&pf_rd_p=e31d89dd-322d-4646-8962-327b42fe94b1&pf_rd_r=S1672Y39C3CNWK1KWVA3&pf_rd_s=center-1&pf_rd_t=15506&pf_rd_i=top&ref_=chttp_tt_156
No Country for Old Men,Ethan Coen,USA,2007,8.1,808756,74283625,171627166,https://www.imdb.com/title/tt0477348/?pf_rd_m=A2FGELUUNOQJNL&pf_rd_p=e31d89dd-322d-4646-8962-327b42fe94b1&pf_rd_r=S1672Y39C3CNWK1KWVA3&pf_rd_s=center-1&pf_rd_t=15506&pf_rd_i=top&ref_=chttp_tt_157
Warrior,Gavin O'Connor,USA,2011,8.2,419457,13657115,23308615,https://www.imdb.com/title/tt1291584/?pf_rd_m=A2FGELUUNOQJNL&pf_rd_p=e31d89dd-322d-4646-8962-327b42fe94b1&pf_rd_r=S1672Y39C3CNWK1KWVA3&pf_rd_s=center-1&pf_rd_t=15506&pf_rd_i=top&ref_=chttp_tt_158
Shutter Island,Martin Scorsese,USA,2010,8.1,1066989,128012934,294804195,https://www.imdb.com/title/tt1130884/?pf_rd_m=A2FGELUUNOQJNL&pf_rd_p=e31d89dd-322d-4646-8962-327b42fe94b1&pf_rd_r=S1672Y39C3CNWK1KWVA3&pf_rd_s=center-1&pf_rd_t=15506&pf_rd_i=top&ref_=chttp_tt_159
Trainspotting,Danny Boyle,UK,1996,8.1,613137,16491080,16593356,https://www.imdb.com/title/tt0117951/?pf_rd_m=A2FGELUUNOQJNL&pf_rd_p=e31d89dd-322d-4646-8962-327b42fe94b1&pf_rd_r=S1672Y39C3CNWK1KWVA3&pf_rd_s=center-1&pf_rd_t=15506&pf_rd_i=top&ref_=chttp_tt_160
The Elephant Man,David Lynch,USA,1980,8.1,209207,26010864,26020641,https://www.imdb.com/title/tt0080678/?pf_rd_m=A2FGELUUNOQJNL&pf_rd_p=e31d89dd-322d-4646-8962-327b42fe94b1&pf_rd_r=S1672Y39C3CNWK1KWVA3&pf_rd_s=center-1&pf_rd_t=15506&pf_rd_i=top&ref_=chttp_tt_161
The Sixth Sense,M. Night Shyamalan,USA,1999,8.1,878547,293506292,672806292,https://www.imdb.com/title/tt0167404/?pf_rd_m=A2FGELUUNOQJNL&pf_rd_p=e31d89dd-322d-4646-8962-327b42fe94b1&pf_rd_r=S1672Y39C3CNWK1KWVA3&pf_rd_s=center-1&pf_rd_t=15506&pf_rd_i=top&ref_=chttp_tt_162
The Thing,John Carpenter,USA,1982,8.1,350959,19629760,19629760,https://www.imdb.com/title/tt0084787/?pf_rd_m=A2FGELUUNOQJNL&pf_rd_p=e31d89dd-322d-4646-8962-327b42fe94b1&pf_rd_r=S1672Y39C3CNWK1KWVA3&pf_rd_s=center-1&pf_rd_t=15506&pf_rd_i=top&ref_=chttp_tt_163
Room,Lenny Abrahamson,Ireland,2015,8.1,343712,14677654,35401758,https://www.imdb.com/title/tt3170832/?pf_rd_m=A2FGELUUNOQJNL&pf_rd_p=e31d89dd-322d-4646-8962-327b42fe94b1&pf_rd_r=S1672Y39C3CNWK1KWVA3&pf_rd_s=center-1&pf_rd_t=15506&pf_rd_i=top&ref_=chttp_tt_164
Gone with the Wind,Victor Fleming,USA,1939,8.1,276175,200852579,402352579,https://www.imdb.com/title/tt0031381/?pf_rd_m=A2FGELUUNOQJNL&pf_rd_p=e31d89dd-322d-4646-8962-327b42fe94b1&pf_rd_r=S1672Y39C3CNWK1KWVA3&pf_rd_s=center-1&pf_rd_t=15506&pf_rd_i=top&ref_=chttp_tt_165
Jurassic Park,Steven Spielberg,USA,1993,8.1,823055,402828120,1032020521,https://www.imdb.com/title/tt0107290/?pf_rd_m=A2FGELUUNOQJNL&pf_rd_p=e31d89dd-322d-4646-8962-327b42fe94b1&pf_rd_r=S1672Y39C3CNWK1KWVA3&pf_rd_s=center-1&pf_rd_t=15506&pf_rd_i=top&ref_=chttp_tt_166
Blade Runner,Ridley Scott,USA,1982,8.1,662821,32868943,41473619,https://www.imdb.com/title/tt0083658/?pf_rd_m=A2FGELUUNOQJNL&pf_rd_p=e31d89dd-322d-4646-8962-327b42fe94b1&pf_rd_r=S1672Y39C3CNWK1KWVA3&pf_rd_s=center-1&pf_rd_t=15506&pf_rd_i=top&ref_=chttp_tt_167
The Bridge on the River Kwai,David Lean,UK,1957,8.1,194385,27200000,27200000,https://www.imdb.com/title/tt0050212/?pf_rd_m=A2FGELUUNOQJNL&pf_rd_p=e31d89dd-322d-4646-8962-327b42fe94b1&pf_rd_r=S1672Y39C3CNWK1KWVA3&pf_rd_s=center-1&pf_rd_t=15506&pf_rd_i=top&ref_=chttp_tt_168
Wild Strawberries,Ingmar Bergman,Sweden,1957,8.2,89621,,14524,https://www.imdb.com/title/tt0050986/?pf_rd_m=A2FGELUUNOQJNL&pf_rd_p=e31d89dd-322d-4646-8962-327b42fe94b1&pf_rd_r=S1672Y39C3CNWK1KWVA3&pf_rd_s=center-1&pf_rd_t=15506&pf_rd_i=top&ref_=chttp_tt_169
Finding Nemo,Andrew Stanton,USA,2003,8.1,910708,380843261,940343261,https://www.imdb.com/title/tt0266543/?pf_rd_m=A2FGELUUNOQJNL&pf_rd_p=e31d89dd-322d-4646-8962-327b42fe94b1&pf_rd_r=S1672Y39C3CNWK1KWVA3&pf_rd_s=center-1&pf_rd_t=15506&pf_rd_i=top&ref_=chttp_tt_170
The Third Man,Carol Reed,UK,1949,8.1,151781,1067364,1225424,https://www.imdb.com/title/tt0041959/?pf_rd_m=A2FGELUUNOQJNL&pf_rd_p=e31d89dd-322d-4646-8962-327b42fe94b1&pf_rd_r=S1672Y39C3CNWK1KWVA3&pf_rd_s=center-1&pf_rd_t=15506&pf_rd_i=top&ref_=chttp_tt_171
On the Waterfront,Elia Kazan,USA,1954,8.1,134906,,,https://www.imdb.com/title/tt0047296/?pf_rd_m=A2FGELUUNOQJNL&pf_rd_p=e31d89dd-322d-4646-8962-327b42fe94b1&pf_rd_r=S1672Y39C3CNWK1KWVA3&pf_rd_s=center-1&pf_rd_t=15506&pf_rd_i=top&ref_=chttp_tt_172
Stalker,Andrei Tarkovsky,Soviet Union,1979,8.2,106893,292049,303806,https://www.imdb.com/title/tt0079944/?pf_rd_m=A2FGELUUNOQJNL&pf_rd_p=e31d89dd-322d-4646-8962-327b42fe94b1&pf_rd_r=S1672Y39C3CNWK1KWVA3&pf_rd_s=center-1&pf_rd_t=15506&pf_rd_i=top&ref_=chttp_tt_173
Fargo,Joel Coen,USA,1996,8.1,588218,24611975,60611975,https://www.imdb.com/title/tt0116282/?pf_rd_m=A2FGELUUNOQJNL&pf_rd_p=e31d89dd-322d-4646-8962-327b42fe94b1&pf_rd_r=S1672Y39C3CNWK1KWVA3&pf_rd_s=center-1&pf_rd_t=15506&pf_rd_i=top&ref_=chttp_tt_174
Kill Bill: Vol. 1,Quentin Tarantino,USA,2003,8.1,956534,70099045,180899045,https://www.imdb.com/title/tt0266697/?pf_rd_m=A2FGELUUNOQJNL&pf_rd_p=e31d89dd-322d-4646-8962-327b42fe94b1&pf_rd_r=S1672Y39C3CNWK1KWVA3&pf_rd_s=center-1&pf_rd_t=15506&pf_rd_i=top&ref_=chttp_tt_175
Gran Torino,Clint Eastwood,Germany,2008,8.1,695335,148095302,269958228,https://www.imdb.com/title/tt1205489/?pf_rd_m=A2FGELUUNOQJNL&pf_rd_p=e31d89dd-322d-4646-8962-327b42fe94b1&pf_rd_r=S1672Y39C3CNWK1KWVA3&pf_rd_s=center-1&pf_rd_t=15506&pf_rd_i=top&ref_=chttp_tt_176
The Truman Show,Peter Weir,USA,1998,8.1,884979,125618201,264118201,https://www.imdb.com/title/tt0120382/?pf_rd_m=A2FGELUUNOQJNL&pf_rd_p=e31d89dd-322d-4646-8962-327b42fe94b1&pf_rd_r=S1672Y39C3CNWK1KWVA3&pf_rd_s=center-1&pf_rd_t=15506&pf_rd_i=top&ref_=chttp_tt_177
Tokyo Story,Yasujirô Ozu,Japan,1953,8.2,47850,,40405,https://www.imdb.com/title/tt0046438/?pf_rd_m=A2FGELUUNOQJNL&pf_rd_p=e31d89dd-322d-4646-8962-327b42fe94b1&pf_rd_r=S1672Y39C3CNWK1KWVA3&pf_rd_s=center-1&pf_rd_t=15506&pf_rd_i=top&ref_=chttp_tt_178
The Deer Hunter,Michael Cimino,USA,1978,8.1,297557,48979328,49074243,https://www.imdb.com/title/tt0077416/?pf_rd_m=A2FGELUUNOQJNL&pf_rd_p=e31d89dd-322d-4646-8962-327b42fe94b1&pf_rd_r=S1672Y39C3CNWK1KWVA3&pf_rd_s=center-1&pf_rd_t=15506&pf_rd_i=top&ref_=chttp_tt_179
Memories of Murder,Bong Joon Ho,South Korea,2003,8.1,119298,15357,927398,https://www.imdb.com/title/tt0353969/?pf_rd_m=A2FGELUUNOQJNL&pf_rd_p=e31d89dd-322d-4646-8962-327b42fe94b1&pf_rd_r=S1672Y39C3CNWK1KWVA3&pf_rd_s=center-1&pf_rd_t=15506&pf_rd_i=top&ref_=chttp_tt_180
Relatos salvajes,Damián Szifron,Argentina,2014,8.1,163470,3106530,30642704,https://www.imdb.com/title/tt3011894/?pf_rd_m=A2FGELUUNOQJNL&pf_rd_p=e31d89dd-322d-4646-8962-327b42fe94b1&pf_rd_r=S1672Y39C3CNWK1KWVA3&pf_rd_s=center-1&pf_rd_t=15506&pf_rd_i=top&ref_=chttp_tt_181
The Bandit,Yavuz Turgul,Turkey,1996,8.3,59622,,,https://www.imdb.com/title/tt0116231/?pf_rd_m=A2FGELUUNOQJNL&pf_rd_p=e31d89dd-322d-4646-8962-327b42fe94b1&pf_rd_r=S1672Y39C3CNWK1KWVA3&pf_rd_s=center-1&pf_rd_t=15506&pf_rd_i=top&ref_=chttp_tt_182
Andhadhun,Sriram Raghavan,India,2018,8.3,58621,1193046,49391206,https://www.imdb.com/title/tt8108198/?pf_rd_m=A2FGELUUNOQJNL&pf_rd_p=e31d89dd-322d-4646-8962-327b42fe94b1&pf_rd_r=S1672Y39C3CNWK1KWVA3&pf_rd_s=center-1&pf_rd_t=15506&pf_rd_i=top&ref_=chttp_tt_183
The Big Lebowski,Joel Coen,USA,1998,8.1,695800,18034458,46735469,https://www.imdb.com/title/tt0118715/?pf_rd_m=A2FGELUUNOQJNL&pf_rd_p=e31d89dd-322d-4646-8962-327b42fe94b1&pf_rd_r=S1672Y39C3CNWK1KWVA3&pf_rd_s=center-1&pf_rd_t=15506&pf_rd_i=top&ref_=chttp_tt_184
Klaus,Sergio Pablos,Spain,2019,8.2,65005,,,https://www.imdb.com/title/tt4729430/?pf_rd_m=A2FGELUUNOQJNL&pf_rd_p=e31d89dd-322d-4646-8962-327b42fe94b1&pf_rd_r=S1672Y39C3CNWK1KWVA3&pf_rd_s=center-1&pf_rd_t=15506&pf_rd_i=top&ref_=chttp_tt_185
Mary and Max,Adam Elliot,Australia,2009,8.1,157644,,1739445,https://www.imdb.com/title/tt0978762/?pf_rd_m=A2FGELUUNOQJNL&pf_rd_p=e31d89dd-322d-4646-8962-327b42fe94b1&pf_rd_r=S1672Y39C3CNWK1KWVA3&pf_rd_s=center-1&pf_rd_t=15506&pf_rd_i=top&ref_=chttp_tt_186
In the Name of the Father,Jim Sheridan,Ireland,1993,8.1,148613,25096862,65796862,https://www.imdb.com/title/tt0107207/?pf_rd_m=A2FGELUUNOQJNL&pf_rd_p=e31d89dd-322d-4646-8962-327b42fe94b1&pf_rd_r=S1672Y39C3CNWK1KWVA3&pf_rd_s=center-1&pf_rd_t=15506&pf_rd_i=top&ref_=chttp_tt_187
Gone Girl,David Fincher,USA,2014,8.1,809683,167767189,369330363,https://www.imdb.com/title/tt2267998/?pf_rd_m=A2FGELUUNOQJNL&pf_rd_p=e31d89dd-322d-4646-8962-327b42fe94b1&pf_rd_r=S1672Y39C3CNWK1KWVA3&pf_rd_s=center-1&pf_rd_t=15506&pf_rd_i=top&ref_=chttp_tt_188
Hacksaw Ridge,Mel Gibson,Australia,2016,8.1,402277,67209615,180450918,https://www.imdb.com/title/tt2119532/?pf_rd_m=A2FGELUUNOQJNL&pf_rd_p=e31d89dd-322d-4646-8962-327b42fe94b1&pf_rd_r=S1672Y39C3CNWK1KWVA3&pf_rd_s=center-1&pf_rd_t=15506&pf_rd_i=top&ref_=chttp_tt_189
The Grand Budapest Hotel,Wes Anderson,Germany,2014,8.1,670098,59301324,172936941,https://www.imdb.com/title/tt2278388/?pf_rd_m=A2FGELUUNOQJNL&pf_rd_p=e31d89dd-322d-4646-8962-327b42fe94b1&pf_rd_r=S1672Y39C3CNWK1KWVA3&pf_rd_s=center-1&pf_rd_t=15506&pf_rd_i=top&ref_=chttp_tt_190
Ford v Ferrari,James Mangold,USA,2019,8.1,196373,117624357,225508210,https://www.imdb.com/title/tt1950186/?pf_rd_m=A2FGELUUNOQJNL&pf_rd_p=e31d89dd-322d-4646-8962-327b42fe94b1&pf_rd_r=S1672Y39C3CNWK1KWVA3&pf_rd_s=center-1&pf_rd_t=15506&pf_rd_i=top&ref_=chttp_tt_191
Mr. Smith Goes to Washington,Frank Capra,USA,1939,8.1,102283,144738,144738,https://www.imdb.com/title/tt0031679/?pf_rd_m=A2FGELUUNOQJNL&pf_rd_p=e31d89dd-322d-4646-8962-327b42fe94b1&pf_rd_r=S1672Y39C3CNWK1KWVA3&pf_rd_s=center-1&pf_rd_t=15506&pf_rd_i=top&ref_=chttp_tt_192
Persona,Ingmar Bergman,Sweden,1966,8.1,94352,,12142,https://www.imdb.com/title/tt0060827/?pf_rd_m=A2FGELUUNOQJNL&pf_rd_p=e31d89dd-322d-4646-8962-327b42fe94b1&pf_rd_r=S1672Y39C3CNWK1KWVA3&pf_rd_s=center-1&pf_rd_t=15506&pf_rd_i=top&ref_=chttp_tt_193
How to Train Your Dragon,Dean DeBlois,USA,2010,8.1,639281,217581231,494878759,https://www.imdb.com/title/tt0892769/?pf_rd_m=A2FGELUUNOQJNL&pf_rd_p=e31d89dd-322d-4646-8962-327b42fe94b1&pf_rd_r=S1672Y39C3CNWK1KWVA3&pf_rd_s=center-1&pf_rd_t=15506&pf_rd_i=top&ref_=chttp_tt_194
The General,Clyde Bruckman,USA,1926,8.1,76118,,,https://www.imdb.com/title/tt0017925/?pf_rd_m=A2FGELUUNOQJNL&pf_rd_p=e31d89dd-322d-4646-8962-327b42fe94b1&pf_rd_r=S1672Y39C3CNWK1KWVA3&pf_rd_s=center-1&pf_rd_t=15506&pf_rd_i=top&ref_=chttp_tt_195
Before Sunrise,Richard Linklater,USA,1995,8.1,253350,5535405,5986708,https://www.imdb.com/title/tt0112471/?pf_rd_m=A2FGELUUNOQJNL&pf_rd_p=e31d89dd-322d-4646-8962-327b42fe94b1&pf_rd_r=S1672Y39C3CNWK1KWVA3&pf_rd_s=center-1&pf_rd_t=15506&pf_rd_i=top&ref_=chttp_tt_196
Catch Me If You Can,Steven Spielberg,USA,2002,8.1,774161,164615351,352114312,https://www.imdb.com/title/tt0264464/?pf_rd_m=A2FGELUUNOQJNL&pf_rd_p=e31d89dd-322d-4646-8962-327b42fe94b1&pf_rd_r=S1672Y39C3CNWK1KWVA3&pf_rd_s=center-1&pf_rd_t=15506&pf_rd_i=top&ref_=chttp_tt_197
Sherlock Jr.,Buster Keaton,USA,1924,8.2,37218,977375,,https://www.imdb.com/title/tt0015324/?pf_rd_m=A2FGELUUNOQJNL&pf_rd_p=e31d89dd-322d-4646-8962-327b42fe94b1&pf_rd_r=S1672Y39C3CNWK1KWVA3&pf_rd_s=center-1&pf_rd_t=15506&pf_rd_i=top&ref_=chttp_tt_198
Prisoners,Denis Villeneuve,USA,2013,8.1,562808,61002302,122126687,https://www.imdb.com/title/tt1392214/?pf_rd_m=A2FGELUUNOQJNL&pf_rd_p=e31d89dd-322d-4646-8962-327b42fe94b1&pf_rd_r=S1672Y39C3CNWK1KWVA3&pf_rd_s=center-1&pf_rd_t=15506&pf_rd_i=top&ref_=chttp_tt_199
12 Years a Slave,Steve McQueen,UK,2013,8.1,609303,56671993,187733202,https://www.imdb.com/title/tt2024544/?pf_rd_m=A2FGELUUNOQJNL&pf_rd_p=e31d89dd-322d-4646-8962-327b42fe94b1&pf_rd_r=S1672Y39C3CNWK1KWVA3&pf_rd_s=center-1&pf_rd_t=15506&pf_rd_i=top&ref_=chttp_tt_200
Cool Hand Luke,Stuart Rosenberg,USA,1967,8.1,155126,,,https://www.imdb.com/title/tt0061512/?pf_rd_m=A2FGELUUNOQJNL&pf_rd_p=e31d89dd-322d-4646-8962-327b42fe94b1&pf_rd_r=S1672Y39C3CNWK1KWVA3&pf_rd_s=center-1&pf_rd_t=15506&pf_rd_i=top&ref_=chttp_tt_201
The Wages of Fear,Henri-Georges Clouzot,France,1953,8.1,51203,,1098,https://www.imdb.com/title/tt0046268/?pf_rd_m=A2FGELUUNOQJNL&pf_rd_p=e31d89dd-322d-4646-8962-327b42fe94b1&pf_rd_r=S1672Y39C3CNWK1KWVA3&pf_rd_s=center-1&pf_rd_t=15506&pf_rd_i=top&ref_=chttp_tt_202
Mad Max: Fury Road,George Miller,Australia,2015,8.1,830978,154058340,375209362,https://www.imdb.com/title/tt1392190/?pf_rd_m=A2FGELUUNOQJNL&pf_rd_p=e31d89dd-322d-4646-8962-327b42fe94b1&pf_rd_r=S1672Y39C3CNWK1KWVA3&pf_rd_s=center-1&pf_rd_t=15506&pf_rd_i=top&ref_=chttp_tt_203
Stand by Me,Rob Reiner,USA,1986,8.1,348004,52287414,52287414,https://www.imdb.com/title/tt0092005/?pf_rd_m=A2FGELUUNOQJNL&pf_rd_p=e31d89dd-322d-4646-8962-327b42fe94b1&pf_rd_r=S1672Y39C3CNWK1KWVA3&pf_rd_s=center-1&pf_rd_t=15506&pf_rd_i=top&ref_=chttp_tt_204
Network,Sidney Lumet,USA,1976,8.1,138247,23689877,23690757,https://www.imdb.com/title/tt0074958/?pf_rd_m=A2FGELUUNOQJNL&pf_rd_p=e31d89dd-322d-4646-8962-327b42fe94b1&pf_rd_r=S1672Y39C3CNWK1KWVA3&pf_rd_s=center-1&pf_rd_t=15506&pf_rd_i=top&ref_=chttp_tt_205
Into the Wild,Sean Penn,USA,2007,8.1,547158,18354356,56674477,https://www.imdb.com/title/tt0758758/?pf_rd_m=A2FGELUUNOQJNL&pf_rd_p=e31d89dd-322d-4646-8962-327b42fe94b1&pf_rd_r=S1672Y39C3CNWK1KWVA3&pf_rd_s=center-1&pf_rd_t=15506&pf_rd_i=top&ref_=chttp_tt_206
Barry Lyndon,Stanley Kubrick,UK,1975,8.1,140765,,198992,https://www.imdb.com/title/tt0072684/?pf_rd_m=A2FGELUUNOQJNL&pf_rd_p=e31d89dd-322d-4646-8962-327b42fe94b1&pf_rd_r=S1672Y39C3CNWK1KWVA3&pf_rd_s=center-1&pf_rd_t=15506&pf_rd_i=top&ref_=chttp_tt_207
Monty Python's Life of Brian,Terry Jones,UK,1979,8.1,351646,20206622,20738621,https://www.imdb.com/title/tt0079470/?pf_rd_m=A2FGELUUNOQJNL&pf_rd_p=e31d89dd-322d-4646-8962-327b42fe94b1&pf_rd_r=S1672Y39C3CNWK1KWVA3&pf_rd_s=center-1&pf_rd_t=15506&pf_rd_i=top&ref_=chttp_tt_208
Million Dollar Baby,Clint Eastwood,USA,2004,8.1,610812,100492203,216763646,https://www.imdb.com/title/tt0405159/?pf_rd_m=A2FGELUUNOQJNL&pf_rd_p=e31d89dd-322d-4646-8962-327b42fe94b1&pf_rd_r=S1672Y39C3CNWK1KWVA3&pf_rd_s=center-1&pf_rd_t=15506&pf_rd_i=top&ref_=chttp_tt_209
Platoon,Oliver Stone,USA,1986,8.1,366549,138530565,138545632,https://www.imdb.com/title/tt0091763/?pf_rd_m=A2FGELUUNOQJNL&pf_rd_p=e31d89dd-322d-4646-8962-327b42fe94b1&pf_rd_r=S1672Y39C3CNWK1KWVA3&pf_rd_s=center-1&pf_rd_t=15506&pf_rd_i=top&ref_=chttp_tt_210
Hachi: A Dog's Tale,Lasse Hallström,UK,2009,8.1,238520,,46749646,https://www.imdb.com/title/tt1028532/?pf_rd_m=A2FGELUUNOQJNL&pf_rd_p=e31d89dd-322d-4646-8962-327b42fe94b1&pf_rd_r=S1672Y39C3CNWK1KWVA3&pf_rd_s=center-1&pf_rd_t=15506&pf_rd_i=top&ref_=chttp_tt_211
Ben-Hur,William Wyler,USA,1959,8.1,210489,74422622,74427638,https://www.imdb.com/title/tt0052618/?pf_rd_m=A2FGELUUNOQJNL&pf_rd_p=e31d89dd-322d-4646-8962-327b42fe94b1&pf_rd_r=S1672Y39C3CNWK1KWVA3&pf_rd_s=center-1&pf_rd_t=15506&pf_rd_i=top&ref_=chttp_tt_212
Rush,Ron Howard,UK,2013,8.1,413192,26947624,96983009,https://www.imdb.com/title/tt1979320/?pf_rd_m=A2FGELUUNOQJNL&pf_rd_p=e31d89dd-322d-4646-8962-327b42fe94b1&pf_rd_r=S1672Y39C3CNWK1KWVA3&pf_rd_s=center-1&pf_rd_t=15506&pf_rd_i=top&ref_=chttp_tt_213
Logan,James Mangold,USA,2017,8.1,608870,226277068,619021436,https://www.imdb.com/title/tt3315342/?pf_rd_m=A2FGELUUNOQJNL&pf_rd_p=e31d89dd-322d-4646-8962-327b42fe94b1&pf_rd_r=S1672Y39C3CNWK1KWVA3&pf_rd_s=center-1&pf_rd_t=15506&pf_rd_i=top&ref_=chttp_tt_214
Andrei Rublev,Andrei Tarkovsky,Soviet Union,1966,8.2,42743,124189,145491,https://www.imdb.com/title/tt0060107/?pf_rd_m=A2FGELUUNOQJNL&pf_rd_p=e31d89dd-322d-4646-8962-327b42fe94b1&pf_rd_r=S1672Y39C3CNWK1KWVA3&pf_rd_s=center-1&pf_rd_t=15506&pf_rd_i=top&ref_=chttp_tt_215
The Passion of Joan of Arc,Carl Theodor Dreyer,France,1928,8.1,43845,21877,21877,https://www.imdb.com/title/tt0019254/?pf_rd_m=A2FGELUUNOQJNL&pf_rd_p=e31d89dd-322d-4646-8962-327b42fe94b1&pf_rd_r=S1672Y39C3CNWK1KWVA3&pf_rd_s=center-1&pf_rd_t=15506&pf_rd_i=top&ref_=chttp_tt_216
Dead Poets Society,Peter Weir,USA,1989,8.1,397934,95860116,235860116,https://www.imdb.com/title/tt0097165/?pf_rd_m=A2FGELUUNOQJNL&pf_rd_p=e31d89dd-322d-4646-8962-327b42fe94b1&pf_rd_r=S1672Y39C3CNWK1KWVA3&pf_rd_s=center-1&pf_rd_t=15506&pf_rd_i=top&ref_=chttp_tt_217
Harry Potter and the Deathly Hallows: Part 2,David Yates,UK,2011,8.1,726460,381409310,1341932398,https://www.imdb.com/title/tt1201607/?pf_rd_m=A2FGELUUNOQJNL&pf_rd_p=e31d89dd-322d-4646-8962-327b42fe94b1&pf_rd_r=S1672Y39C3CNWK1KWVA3&pf_rd_s=center-1&pf_rd_t=15506&pf_rd_i=top&ref_=chttp_tt_218
The 400 Blows,François Truffaut,France,1959,8.1,98201,509,127244,https://www.imdb.com/title/tt0053198/?pf_rd_m=A2FGELUUNOQJNL&pf_rd_p=e31d89dd-322d-4646-8962-327b42fe94b1&pf_rd_r=S1672Y39C3CNWK1KWVA3&pf_rd_s=center-1&pf_rd_t=15506&pf_rd_i=top&ref_=chttp_tt_219
Rang De Basanti,Rakeysh Omprakash Mehra,India,2006,8.2,105600,2197694,8846694,https://www.imdb.com/title/tt0405508/?pf_rd_m=A2FGELUUNOQJNL&pf_rd_p=e31d89dd-322d-4646-8962-327b42fe94b1&pf_rd_r=S1672Y39C3CNWK1KWVA3&pf_rd_s=center-1&pf_rd_t=15506&pf_rd_i=top&ref_=chttp_tt_220
Amores Perros,Alejandro G. Iñárritu,Mexico,2000,8.1,214721,5408467,20908467,https://www.imdb.com/title/tt0245712/?pf_rd_m=A2FGELUUNOQJNL&pf_rd_p=e31d89dd-322d-4646-8962-327b42fe94b1&pf_rd_r=S1672Y39C3CNWK1KWVA3&pf_rd_s=center-1&pf_rd_t=15506&pf_rd_i=top&ref_=chttp_tt_221
Hotel Rwanda,Terry George,UK,2004,8.1,324071,23530892,33882243,https://www.imdb.com/title/tt0395169/?pf_rd_m=A2FGELUUNOQJNL&pf_rd_p=e31d89dd-322d-4646-8962-327b42fe94b1&pf_rd_r=S1672Y39C3CNWK1KWVA3&pf_rd_s=center-1&pf_rd_t=15506&pf_rd_i=top&ref_=chttp_tt_222
Nausicaä of the Valley of the Wind,Hayao Miyazaki,Japan,1984,8.1,138351,495770,2340981,https://www.imdb.com/title/tt0087544/?pf_rd_m=A2FGELUUNOQJNL&pf_rd_p=e31d89dd-322d-4646-8962-327b42fe94b1&pf_rd_r=S1672Y39C3CNWK1KWVA3&pf_rd_s=center-1&pf_rd_t=15506&pf_rd_i=top&ref_=chttp_tt_223
Spotlight,Tom McCarthy,USA,2015,8.1,393288,45055776,98690254,https://www.imdb.com/title/tt1895587/?pf_rd_m=A2FGELUUNOQJNL&pf_rd_p=e31d89dd-322d-4646-8962-327b42fe94b1&pf_rd_r=S1672Y39C3CNWK1KWVA3&pf_rd_s=center-1&pf_rd_t=15506&pf_rd_i=top&ref_=chttp_tt_224
The Handmaiden,Chan-wook Park,South Korea,2016,8.1,96087,2006788,37767206,https://www.imdb.com/title/tt4016934/?pf_rd_m=A2FGELUUNOQJNL&pf_rd_p=e31d89dd-322d-4646-8962-327b42fe94b1&pf_rd_r=S1672Y39C3CNWK1KWVA3&pf_rd_s=center-1&pf_rd_t=15506&pf_rd_i=top&ref_=chttp_tt_225
Portrait of a Lady on Fire,Céline Sciamma,France,2019,8.2,30251,3759854,22978382,https://www.imdb.com/title/tt8613070/?pf_rd_m=A2FGELUUNOQJNL&pf_rd_p=e31d89dd-322d-4646-8962-327b42fe94b1&pf_rd_r=S1672Y39C3CNWK1KWVA3&pf_rd_s=center-1&pf_rd_t=15506&pf_rd_i=top&ref_=chttp_tt_226
Rebecca,Alfred Hitchcock,USA,1940,8.1,116200,,72275,https://www.imdb.com/title/tt0032976/?pf_rd_m=A2FGELUUNOQJNL&pf_rd_p=e31d89dd-322d-4646-8962-327b42fe94b1&pf_rd_r=S1672Y39C3CNWK1KWVA3&pf_rd_s=center-1&pf_rd_t=15506&pf_rd_i=top&ref_=chttp_tt_227
Rocky,John G. Avildsen,USA,1976,8.1,495922,117235147,117235147,https://www.imdb.com/title/tt0075148/?pf_rd_m=A2FGELUUNOQJNL&pf_rd_p=e31d89dd-322d-4646-8962-327b42fe94b1&pf_rd_r=S1672Y39C3CNWK1KWVA3&pf_rd_s=center-1&pf_rd_t=15506&pf_rd_i=top&ref_=chttp_tt_228
"Monsters, Inc.",Pete Docter,USA,2001,8.0,779631,289916256,632316649,https://www.imdb.com/title/tt0198781/?pf_rd_m=A2FGELUUNOQJNL&pf_rd_p=e31d89dd-322d-4646-8962-327b42fe94b1&pf_rd_r=S1672Y39C3CNWK1KWVA3&pf_rd_s=center-1&pf_rd_t=15506&pf_rd_i=top&ref_=chttp_tt_229
La Haine,Mathieu Kassovitz,France,1995,8.1,139153,280859,280859,https://www.imdb.com/title/tt0113247/?pf_rd_m=A2FGELUUNOQJNL&pf_rd_p=e31d89dd-322d-4646-8962-327b42fe94b1&pf_rd_r=S1672Y39C3CNWK1KWVA3&pf_rd_s=center-1&pf_rd_t=15506&pf_rd_i=top&ref_=chttp_tt_230
It Happened One Night,Frank Capra,USA,1934,8.1,88934,,,https://www.imdb.com/title/tt0025316/?pf_rd_m=A2FGELUUNOQJNL&pf_rd_p=e31d89dd-322d-4646-8962-327b42fe94b1&pf_rd_r=S1672Y39C3CNWK1KWVA3&pf_rd_s=center-1&pf_rd_t=15506&pf_rd_i=top&ref_=chttp_tt_231
In the Mood for Love,Kar-Wai Wong,Hong Kong,2000,8.1,114514,2738980,12854953,https://www.imdb.com/title/tt0118694/?pf_rd_m=A2FGELUUNOQJNL&pf_rd_p=e31d89dd-322d-4646-8962-327b42fe94b1&pf_rd_r=S1672Y39C3CNWK1KWVA3&pf_rd_s=center-1&pf_rd_t=15506&pf_rd_i=top&ref_=chttp_tt_232
Gangs of Wasseypur,Anurag Kashyap,India,2012,8.2,74360,,4384642,https://www.imdb.com/title/tt1954470/?pf_rd_m=A2FGELUUNOQJNL&pf_rd_p=e31d89dd-322d-4646-8962-327b42fe94b1&pf_rd_r=S1672Y39C3CNWK1KWVA3&pf_rd_s=center-1&pf_rd_t=15506&pf_rd_i=top&ref_=chttp_tt_233
Before Sunset,Richard Linklater,USA,2004,8.0,221210,5820649,15936507,https://www.imdb.com/title/tt0381681/?pf_rd_m=A2FGELUUNOQJNL&pf_rd_p=e31d89dd-322d-4646-8962-327b42fe94b1&pf_rd_r=S1672Y39C3CNWK1KWVA3&pf_rd_s=center-1&pf_rd_t=15506&pf_rd_i=top&ref_=chttp_tt_234
The Princess Bride,Rob Reiner,USA,1987,8.1,376001,30857814,30877156,https://www.imdb.com/title/tt0093779/?pf_rd_m=A2FGELUUNOQJNL&pf_rd_p=e31d89dd-322d-4646-8962-327b42fe94b1&pf_rd_r=S1672Y39C3CNWK1KWVA3&pf_rd_s=center-1&pf_rd_t=15506&pf_rd_i=top&ref_=chttp_tt_235
Ace in the Hole,Billy Wilder,USA,1951,8.1,28618,,2300000,https://www.imdb.com/title/tt0043338/?pf_rd_m=A2FGELUUNOQJNL&pf_rd_p=e31d89dd-322d-4646-8962-327b42fe94b1&pf_rd_r=S1672Y39C3CNWK1KWVA3&pf_rd_s=center-1&pf_rd_t=15506&pf_rd_i=top&ref_=chttp_tt_236
The Help,Tate Taylor,USA,2011,8.1,408851,169708112,216639112,https://www.imdb.com/title/tt1454029/?pf_rd_m=A2FGELUUNOQJNL&pf_rd_p=e31d89dd-322d-4646-8962-327b42fe94b1&pf_rd_r=S1672Y39C3CNWK1KWVA3&pf_rd_s=center-1&pf_rd_t=15506&pf_rd_i=top&ref_=chttp_tt_237
The Red Shoes,Michael Powell,UK,1948,8.1,28455,,30165,https://www.imdb.com/title/tt0040725/?pf_rd_m=A2FGELUUNOQJNL&pf_rd_p=e31d89dd-322d-4646-8962-327b42fe94b1&pf_rd_r=S1672Y39C3CNWK1KWVA3&pf_rd_s=center-1&pf_rd_t=15506&pf_rd_i=top&ref_=chttp_tt_238
"Paris, Texas",Wim Wenders,West Germany,1984,8.1,81821,2181987,2206121,https://www.imdb.com/title/tt0087884/?pf_rd_m=A2FGELUUNOQJNL&pf_rd_p=e31d89dd-322d-4646-8962-327b42fe94b1&pf_rd_r=S1672Y39C3CNWK1KWVA3&pf_rd_s=center-1&pf_rd_t=15506&pf_rd_i=top&ref_=chttp_tt_239
The Invisible Guest,Oriol Paulo,Spain,2016,8.1,111062,,31191910,https://www.imdb.com/title/tt4857264/?pf_rd_m=A2FGELUUNOQJNL&pf_rd_p=e31d89dd-322d-4646-8962-327b42fe94b1&pf_rd_r=S1672Y39C3CNWK1KWVA3&pf_rd_s=center-1&pf_rd_t=15506&pf_rd_i=top&ref_=chttp_tt_240
The Terminator,James Cameron,UK,1984,8.0,769505,38371200,78475971,https://www.imdb.com/title/tt0088247/?pf_rd_m=A2FGELUUNOQJNL&pf_rd_p=e31d89dd-322d-4646-8962-327b42fe94b1&pf_rd_r=S1672Y39C3CNWK1KWVA3&pf_rd_s=center-1&pf_rd_t=15506&pf_rd_i=top&ref_=chttp_tt_241
Lagaan: Once Upon a Time in India,Ashutosh Gowariker,India,2001,8.1,98995,909043,1724806,https://www.imdb.com/title/tt0169102/?pf_rd_m=A2FGELUUNOQJNL&pf_rd_p=e31d89dd-322d-4646-8962-327b42fe94b1&pf_rd_r=S1672Y39C3CNWK1KWVA3&pf_rd_s=center-1&pf_rd_t=15506&pf_rd_i=top&ref_=chttp_tt_242
Drishyam,Nishikant Kamat,India,2015,8.2,61452,,,https://www.imdb.com/title/tt4430212/?pf_rd_m=A2FGELUUNOQJNL&pf_rd_p=e31d89dd-322d-4646-8962-327b42fe94b1&pf_rd_r=S1672Y39C3CNWK1KWVA3&pf_rd_s=center-1&pf_rd_t=15506&pf_rd_i=top&ref_=chttp_tt_243
Butch Cassidy and the Sundance Kid,George Roy Hill,USA,1969,8.0,195655,102308889,102310639,https://www.imdb.com/title/tt0064115/?pf_rd_m=A2FGELUUNOQJNL&pf_rd_p=e31d89dd-322d-4646-8962-327b42fe94b1&pf_rd_r=S1672Y39C3CNWK1KWVA3&pf_rd_s=center-1&pf_rd_t=15506&pf_rd_i=top&ref_=chttp_tt_244
Akira,Katsuhiro Ôtomo,Japan,1988,8.0,153843,553171,577594,https://www.imdb.com/title/tt0094625/?pf_rd_m=A2FGELUUNOQJNL&pf_rd_p=e31d89dd-322d-4646-8962-327b42fe94b1&pf_rd_r=S1672Y39C3CNWK1KWVA3&pf_rd_s=center-1&pf_rd_t=15506&pf_rd_i=top&ref_=chttp_tt_245
PK,Rajkumar Hirani,India,2014,8.1,150381,10616104,100370104,https://www.imdb.com/title/tt2338151/?pf_rd_m=A2FGELUUNOQJNL&pf_rd_p=e31d89dd-322d-4646-8962-327b42fe94b1&pf_rd_r=S1672Y39C3CNWK1KWVA3&pf_rd_s=center-1&pf_rd_t=15506&pf_rd_i=top&ref_=chttp_tt_246
Aladdin,Ron Clements,USA,1992,8.0,352903,217350219,504050219,https://www.imdb.com/title/tt0103639/?pf_rd_m=A2FGELUUNOQJNL&pf_rd_p=e31d89dd-322d-4646-8962-327b42fe94b1&pf_rd_r=S1672Y39C3CNWK1KWVA3&pf_rd_s=center-1&pf_rd_t=15506&pf_rd_i=top&ref_=chttp_tt_247
Kis Uykusu,Nuri Bilge Ceylan,Turkey,2014,8.2,41226,,4018705,https://www.imdb.com/title/tt2758880/?pf_rd_m=A2FGELUUNOQJNL&pf_rd_p=e31d89dd-322d-4646-8962-327b42fe94b1&pf_rd_r=S1672Y39C3CNWK1KWVA3&pf_rd_s=center-1&pf_rd_t=15506&pf_rd_i=top&ref_=chttp_tt_248
Fanny and Alexander,Ingmar Bergman,Sweden,1982,8.1,54343,6783304,6795771,https://www.imdb.com/title/tt0083922/?pf_rd_m=A2FGELUUNOQJNL&pf_rd_p=e31d89dd-322d-4646-8962-327b42fe94b1&pf_rd_r=S1672Y39C3CNWK1KWVA3&pf_rd_s=center-1&pf_rd_t=15506&pf_rd_i=top&ref_=chttp_tt_249
Swades,Ashutosh Gowariker,India,2004,8.2,78531,1223240,1953889,https://www.imdb.com/title/tt0367110/?pf_rd_m=A2FGELUUNOQJNL&pf_rd_p=e31d89dd-322d-4646-8962-327b42fe94b1&pf_rd_r=S1672Y39C3CNWK1KWVA3&pf_rd_s=center-1&pf_rd_t=15506&pf_rd_i=top&ref_=chttp_tt_250
